T[ms],AccX[mg],AccY[mg],AccZ[mg],GyroX[mdps],GyroY[mdps],GyroZ[mdps],MagX[mgauss],MagY[mgauss],MagZ[mgauss],P[mB],T[ï¿½C],
87385,0,-65,-1005,-14560,13720,10010,-226,-526,132,1001.25,39.20
87425,-7,-69,-1005,-7840,10290,9660,-233,-526,136,1001.18,39.20
87465,4,-65,-994,-6720,11410,6860,-227,-533,123,1001.16,39.20
87505,8,-58,-997,-5460,11130,6230,-226,-529,130,1001.17,39.20
87545,8,-58,-994,-4690,9520,6440,-243,-523,133,1001.18,39.20
87585,27,-54,-994,490,9100,7070,-233,-534,130,1001.20,39.20
87616,4,-58,-997,210,7700,17570,-227,-544,134,1001.19,39.20
87625,4,-61,-970,-1890,7070,20020,-227,-544,130,1001.19,39.20
87656,-11,-65,-997,-5950,6230,18200,-215,-540,129,1001.29,39.20
87665,-3,-58,-1001,-6440,6300,17430,-234,-538,138,1001.29,39.20
87696,-11,-61,-1005,-1890,3990,10290,-224,-544,133,1001.21,39.20
87705,-11,-61,-994,560,4620,8260,-234,-542,137,1001.21,39.20
87736,-3,-50,-994,2940,6510,4340,-228,-549,133,1001.19,39.20
87745,0,-46,-986,2450,6440,3710,-228,-552,127,1001.19,39.20
87776,-7,-50,-986,-1820,7490,3920,-230,-555,133,1001.08,39.20
87785,-11,-46,-982,-2380,8120,3080,-220,-554,126,1001.08,39.20
87816,0,-42,-982,-4270,9730,-140,-224,-552,130,1001.15,39.20
87825,-3,-38,-982,-4900,8890,770,-219,-552,126,1001.15,39.20
87856,-3,-42,-990,-6650,7140,4270,-232,-556,122,1001.21,39.20
87865,-3,-42,-982,-6860,7210,5110,-235,-551,126,1001.21,39.20
87896,-3,-42,-994,-7000,8050,3290,-213,-544,115,1001.15,39.20
87905,0,-42,-994,-5180,7210,2520,-228,-558,123,1001.15,39.20
87936,-3,-34,-982,-1960,2660,140,-227,-551,126,1001.29,39.20
87945,-3,-34,-982,-2520,4620,1260,-227,-558,127,1001.29,39.20
87976,-3,-46,-1001,-3430,6090,2030,-230,-547,123,1001.11,39.20
87985,-3,-46,-997,-2170,5880,2100,-230,-547,131,1001.11,39.20
88016,-15,-46,-1005,2870,2940,1610,-228,-559,127,1001.19,39.20
88025,-22,-38,-994,4550,2240,210,-228,-559,127,1001.19,39.20
88056,-7,-26,-982,2660,7420,-3080,-234,-552,114,1001.25,39.20
88065,-26,-34,-966,70,8260,-3080,-234,-552,114,1001.25,39.20
88096,-7,-34,-997,-2450,6090,-980,-224,-566,116,1001.08,39.20
88105,-15,-30,-986,-1050,5810,-210,-224,-566,116,1001.08,39.20
88136,-3,-30,-997,2450,4130,-1050,-232,-563,118,1001.25,39.10
88145,-7,-30,-994,3500,3360,70,-232,-563,118,1001.25,39.10
88176,-11,-30,-990,4830,980,840,-242,-570,112,1001.19,39.20
88185,-11,-19,-982,4410,910,1190,-242,-570,112,1001.19,39.20
88216,-22,-15,-982,1470,2940,-490,-232,-570,120,1001.10,39.10
88225,-89,-85,-1075,630,4760,840,-232,-570,120,1001.10,39.10
88256,-112,-93,-1075,8960,-4060,-5530,-240,-585,124,1001.28,39.10
88265,27,20,-939,2450,-4480,-700,-240,-585,124,1001.28,39.10
88296,-3,-7,-994,840,1330,-770,-232,-576,111,1001.13,39.10
88305,-15,-11,-990,420,1470,-1120,-232,-576,111,1001.13,39.10
88336,-19,-19,-997,-1540,-980,-280,-229,-573,115,1001.18,39.10
88345,-30,-11,-997,-2030,-1960,140,-229,-573,115,1001.18,39.10
88376,-19,-11,-997,-350,2380,140,-238,-576,115,1001.23,39.10
88385,-19,-15,-994,70,3080,140,-238,-576,115,1001.23,39.10
88416,-30,-15,-994,-1050,840,0,-225,-576,101,1001.16,39.10
88425,-15,-11,-982,-1470,0,-140,-225,-576,101,1001.16,39.10
88456,-26,-7,-978,-1960,-560,210,-231,-572,105,1001.25,39.10
88465,-26,-19,-994,-1750,140,350,-231,-572,105,1001.25,39.10
88496,-26,-11,-1001,-700,2170,280,-224,-564,105,1001.27,39.10
88505,-19,-11,-982,-770,1750,420,-224,-564,105,1001.27,39.10
88536,-15,-7,-997,-1330,630,-280,-225,-566,111,1001.18,39.10
88545,-15,-11,-994,-1330,490,-210,-225,-566,111,1001.18,39.10
88576,-22,-11,-997,-1260,840,-280,-231,-573,115,1001.15,39.10
88585,-15,-15,-994,-1260,1120,-70,-231,-573,115,1001.15,39.10
88616,-19,-11,-997,-1330,350,420,-228,-573,116,1001.20,39.10
88625,-19,-11,-997,-1330,140,280,-228,-573,116,1001.20,39.10
88656,-22,-11,-1001,-1120,1190,-350,-232,-570,108,1001.28,39.10
88665,-7,-11,-1001,-1610,280,-350,-232,-570,108,1001.28,39.10
88696,-19,-11,-1001,-1960,-910,-420,-239,-584,113,1001.22,39.10
88705,-19,-11,-1001,-1330,280,-420,-239,-584,113,1001.22,39.10
88736,-15,-15,-1001,-1400,420,350,-236,-581,113,1001.20,39.10
88745,-19,-15,-994,-1820,-490,350,-236,-581,113,1001.20,39.10
88776,-15,-11,-994,-1680,-210,420,-231,-577,109,1001.15,39.10
88785,-22,-15,-994,-1750,-140,210,-231,-577,109,1001.15,39.10
88816,-26,-15,-997,-1330,1120,-700,-229,-570,111,1001.11,39.10
88825,-19,-11,-1001,-1120,1610,-560,-229,-570,111,1001.11,39.10
88856,-26,-11,-994,-1610,350,350,-236,-577,111,1001.15,39.10
88865,-19,-7,-990,-1750,70,490,-218,-580,111,1001.15,39.10
88896,-30,-11,-1001,-1750,210,490,-225,-577,123,1001.21,39.10
88905,-19,-19,-1001,-1470,840,70,-231,-573,112,1001.21,39.10
88936,-22,-15,-997,-1470,560,-210,-236,-581,115,1001.21,39.10
88945,-34,-15,-994,-1330,560,-210,-231,-570,112,1001.21,39.10
88976,-15,-3,-1001,-490,2310,210,-229,-585,127,1001.13,39.10
88985,-19,-3,-994,-910,1680,700,-235,-583,111,1001.13,39.10
89016,-22,-15,-997,-2730,-1260,770,-236,-580,113,1001.09,39.10
89025,-30,-19,-1005,-2660,-1050,420,-225,-576,113,1001.09,39.10
89056,-26,-7,-990,-1190,1470,-350,-228,-575,109,1001.25,39.10
89065,-15,-7,-997,-980,1750,-140,-224,-577,111,1001.25,39.10
89096,-22,-11,-997,-1050,1260,420,-231,-577,104,1001.13,39.10
89105,-22,-11,-990,-1260,1050,280,-240,-579,105,1001.13,39.10
89136,-19,-7,-990,-1890,560,-70,-228,-577,116,1001.12,39.10
89145,-22,-3,-990,-1680,630,-70,-240,-577,119,1001.12,39.10
89176,-15,-11,-997,-910,2030,210,-236,-579,111,1001.12,39.10
89185,-19,-11,-997,-840,1890,420,-231,-574,119,1001.12,39.10
89216,-22,-7,-990,-560,2380,140,-231,-572,107,1001.19,39.10
89225,-26,-7,-994,-630,2590,-70,-229,-577,107,1001.19,39.10
89256,-34,-3,-1001,-1120,1890,0,-235,-573,112,1001.25,39.10
89265,-19,-3,-978,-1260,1470,70,-228,-576,119,1001.25,39.10
89296,-22,-7,-997,-1470,700,350,-231,-577,112,1001.22,39.10
89305,-26,-11,-990,-1470,840,420,-224,-569,111,1001.22,39.10
89336,-15,-3,-994,-1400,1260,-210,-225,-576,105,1001.18,39.10
89345,-19,-7,-990,-1400,1190,-70,-231,-573,105,1001.18,39.10
89376,-26,-11,-1001,-1120,1470,280,-229,-576,116,1001.27,39.10
89385,-26,-11,-1001,-1190,1260,350,-231,-572,109,1001.27,39.10
89416,-19,-7,-982,-1750,700,210,-231,-572,107,1001.17,39.10
89425,-19,-7,-982,-1820,700,70,-233,-583,101,1001.17,39.10
89456,-19,-7,-994,-1820,210,70,-236,-572,108,1001.10,39.10
89465,-22,-7,-994,-1610,560,70,-229,-573,101,1001.10,39.10
89496,-19,-11,-997,-1470,1120,210,-236,-576,119,1001.10,39.10
89505,-22,-3,-978,-1680,840,210,-232,-587,112,1001.17,39.10
89536,-22,-11,-994,-1750,770,280,-236,-583,105,1001.17,39.10
89545,-22,-7,-997,-1820,490,560,-235,-572,105,1001.11,39.10
89576,-22,0,-994,-1820,350,560,-228,-579,105,1001.11,39.10
89585,-26,-11,-1001,-1820,70,560,-225,-580,109,1001.23,39.10
89616,0,0,-994,-1610,980,490,-235,-583,123,1001.23,39.10
89625,-15,-3,-990,-1680,630,490,-228,-583,105,1001.26,39.10
89656,-30,-3,-1005,-1400,910,-210,-224,-580,111,1001.26,39.10
89665,-26,-7,-1001,-1330,910,-350,-229,-572,109,1001.18,39.10
89696,-26,-7,-997,-630,2170,-350,-232,-573,115,1001.18,39.10
89705,-15,-3,-994,-490,2590,-490,-228,-581,120,1001.13,39.10
89736,-7,0,-994,-980,1750,-70,-233,-580,101,1001.13,39.10
89745,-19,-7,-1001,-1400,980,210,-240,-584,109,1001.14,39.10
89776,-19,-7,-986,-2800,-1330,420,-235,-581,109,1001.14,39.10
89785,-19,-7,-994,-2870,-1470,350,-229,-583,120,1001.23,39.10
89816,-11,-7,-1001,-2100,-560,280,-236,-576,109,1001.23,39.10
89825,-11,-11,-1017,-1610,70,280,-243,-565,115,1001.21,39.10
89856,-22,-3,-994,-840,2170,140,-225,-580,116,1001.21,39.10
89865,-15,-11,-990,-1050,2380,0,-240,-577,107,1001.17,39.10
89896,-15,-11,-990,-1750,420,490,-231,-577,112,1001.17,39.10
89905,-22,-7,-990,-1610,420,560,-226,-590,100,1001.27,39.10
89936,-19,-7,-994,280,3570,210,-239,-580,111,1001.27,39.10
89945,-19,-3,-994,700,4550,0,-220,-571,104,1001.18,39.10
89976,-42,-11,-994,-770,2170,560,-236,-572,112,1001.18,39.10
89985,-3,0,-994,-980,1820,350,-235,-583,100,1001.29,39.10
90016,-42,-15,-1001,-2870,-1750,210,-231,-576,111,1001.29,39.10
90025,-54,-11,-994,-3220,-2450,-70,-225,-573,115,1001.19,39.10
90056,-19,-3,-990,-2870,-1470,-560,-228,-579,109,1001.19,39.10
90065,-38,-3,-990,-2380,-350,-630,-239,-584,111,1001.14,39.10
90096,-26,-3,-990,-3290,-2310,420,-229,-579,111,1001.14,39.10
90105,-22,-3,-994,-3640,-2800,420,-229,-583,115,1001.21,39.10
90136,-34,-19,-1005,-2940,-2310,210,-231,-566,103,1001.21,39.10
90145,-34,-19,-1005,-2240,-910,-70,-228,-586,109,1001.22,39.10
90176,-30,-7,-990,-420,2730,-210,-228,-583,113,1001.22,39.10
90185,-30,-7,-990,-350,3010,-280,-228,-580,109,1001.18,39.10
90216,-15,-7,-1001,-1610,980,420,-240,-573,103,1001.18,39.10
90225,-26,-11,-994,-1960,70,560,-229,-579,113,1001.32,39.10
90256,-26,-7,-990,-1680,770,420,-235,-576,115,1001.32,39.10
90265,-22,-3,-990,-1400,1330,210,-225,-569,107,1001.18,39.10
90296,-22,-3,-990,-1610,1050,490,-229,-569,100,1001.18,39.10
90305,-22,-7,-1001,-2100,280,840,-235,-580,104,1001.08,39.10
90336,-26,-11,-994,-2730,-1190,980,-229,-576,109,1001.08,39.10
90345,-26,-15,-1005,-2590,-840,770,-215,-575,109,1001.21,39.10
90376,-30,-11,-994,-1820,490,0,-235,-573,101,1001.21,39.10
90385,-30,-11,-997,-1470,910,-140,-235,-579,111,1001.19,39.10
90416,-15,-7,-1001,-770,2800,-280,-236,-583,109,1001.19,39.10
90425,-22,-3,-1005,-980,2310,140,-229,-579,111,1001.14,39.10
90456,-19,-3,-997,-1680,840,280,-229,-577,109,1001.14,39.10
90465,-30,-15,-994,-1750,560,140,-231,-573,111,1001.13,39.10
90496,-22,-7,-1001,-700,2520,-770,-222,-572,109,1001.13,39.10
90505,-19,0,-997,-490,3150,-700,-222,-579,111,1001.11,39.10
90536,-26,-3,-997,-1330,1400,630,-235,-570,108,1001.11,39.10
90545,-26,-7,-986,-1890,280,840,-231,-573,105,1001.15,39.10
90576,-30,-3,-997,-2660,-980,420,-239,-577,105,1001.15,39.10
90585,-15,-3,-1005,-2800,-1400,210,-239,-590,108,1001.23,39.10
90616,-30,-7,-997,-2940,-1890,0,-239,-590,112,1001.23,39.10
90625,-22,-7,-997,-2590,-1120,-210,-229,-576,109,1001.15,39.10
90656,-26,-3,-1001,-2100,0,350,-229,-583,109,1001.15,39.10
90665,-22,-7,-1001,-1960,280,490,-224,-580,111,1001.23,39.10
90696,-26,-11,-997,-1680,770,280,-222,-580,111,1001.23,39.10
90705,-22,-3,-994,-1820,350,280,-233,-588,108,1001.19,39.10
90736,-26,0,-997,-1750,630,0,-233,-581,111,1001.19,39.10
90745,-30,-7,-997,-1540,1120,70,-217,-579,109,1001.19,39.10
90776,-22,-7,-997,-1540,1120,560,-229,-587,113,1001.16,39.10
90785,-26,-3,-997,-1680,840,770,-235,-584,111,1001.16,39.10
90816,-26,-7,-997,-1960,350,490,-235,-579,111,1001.23,39.10
90825,-22,-3,-994,-1890,420,350,-240,-577,107,1001.23,39.10
90856,-22,-11,-997,-1820,770,210,-229,-577,109,1001.20,39.10
90865,-22,-11,-997,-1820,560,350,-229,-579,111,1001.20,39.10
90896,-26,4,-997,-1610,910,350,-229,-587,117,1001.22,39.10
90905,-26,4,-997,-1610,840,350,-229,-581,116,1001.22,39.10
90936,-26,8,-990,-1260,1680,0,-240,-584,104,1001.03,39.10
90945,-19,-11,-997,-1330,1750,-70,-235,-580,105,1001.03,39.10
90976,-26,-7,-1001,-1470,1050,140,-231,-581,123,1001.19,39.10
90985,-22,-3,-990,-1540,840,210,-228,-572,105,1001.19,39.10
91016,-22,-3,-997,-1540,1120,210,-233,-577,109,1001.12,39.10
91025,-19,-7,-990,-1470,1330,210,-232,-574,119,1001.12,39.10
91056,-19,-7,-997,-1890,700,140,-239,-580,112,1001.09,39.10
91065,-30,-11,-997,-2100,0,140,-222,-582,101,1001.09,39.10
91096,-26,-3,-997,-1680,630,-140,-242,-572,101,1001.15,39.10
91105,-19,-3,-994,-1470,1190,-140,-233,-583,113,1001.15,39.10
91136,-26,-7,-994,-1680,1050,70,-222,-584,113,1001.06,39.10
91145,-22,-7,-994,-1610,1120,140,-236,-576,119,1001.06,39.10
91176,-34,-3,-997,-1960,490,350,-225,-577,113,1001.12,39.10
91185,-22,-7,-994,-1750,700,210,-229,-572,112,1001.12,39.10
91216,-22,-7,-994,-2310,-420,350,-228,-581,116,1001.25,39.10
91225,-30,-7,-997,-2450,-700,420,-220,-573,115,1001.25,39.10
91256,-30,-7,-986,-2310,70,420,-226,-590,112,1001.21,39.10
91265,-11,-3,-1001,-2310,-70,490,-228,-577,107,1001.21,39.10
91296,-26,-7,-997,-2590,-840,280,-228,-579,113,1001.18,39.10
91305,-19,-7,-994,-2380,-490,70,-229,-577,113,1001.18,39.10
91336,-30,-11,-997,-1820,700,280,-232,-587,113,1001.16,39.10
91345,-22,-11,-1001,-1750,490,350,-236,-581,116,1001.16,39.10
91376,-26,-7,-1001,-1680,140,210,-225,-580,109,1001.29,39.10
91385,-34,-7,-990,-1540,490,70,-229,-580,111,1001.29,39.10
91416,-30,-3,-1001,-1260,1680,-210,-218,-580,111,1001.21,39.10
91425,-38,-11,-997,-1260,1750,-280,-233,-581,119,1001.21,39.10
91456,-30,-3,-1001,-1120,1890,0,-226,-580,108,1001.16,39.10
91465,-26,-7,-994,-1190,1610,210,-246,-581,116,1001.16,39.10
91496,-30,-7,-997,-1400,980,210,-239,-581,116,1001.25,39.10
91505,-26,-7,-994,-1540,630,70,-231,-576,112,1001.25,39.10
91536,-38,-3,-986,-1470,1680,-70,-233,-583,119,1001.13,39.10
91545,-30,-3,-994,-1470,1470,210,-226,-588,113,1001.13,39.10
91576,-30,-7,-997,-1610,1050,420,-228,-573,115,1001.20,39.10
91585,-34,0,-997,-1470,1330,280,-228,-584,109,1001.20,39.10
91616,-15,-3,-1001,-1330,1680,140,-236,-580,113,1001.20,39.10
91625,-15,-3,-1001,-1470,1260,350,-235,-572,108,1001.20,39.10
91656,-26,-7,-997,-1610,980,350,-224,-580,111,1001.23,39.20
91665,-26,-7,-997,-1540,1190,210,-225,-579,115,1001.23,39.20
91696,-26,-3,-994,-1260,2100,-140,-236,-579,107,1001.19,39.10
91705,-30,-3,-994,-1190,2240,-140,-228,-591,113,1001.19,39.10
91736,-38,-3,-997,-1750,910,210,-236,-574,116,1001.16,39.10
91745,-19,-7,-966,-2030,420,280,-229,-573,116,1001.16,39.10
91776,-22,-7,-997,-2030,700,140,-225,-580,111,1001.23,39.10
91785,-22,-3,-1009,-1890,910,70,-236,-585,119,1001.23,39.10
91816,-19,-15,-1001,-1960,280,70,-229,-579,116,1001.22,39.10
91825,-22,-11,-997,-2030,140,140,-236,-576,112,1001.22,39.10
91856,-26,0,-1001,-1820,700,280,-232,-580,101,1001.19,39.20
91865,-19,-7,-994,-1820,840,350,-228,-584,115,1001.19,39.20
91896,-22,-7,-997,-2170,210,210,-236,-572,115,1001.21,39.20
91905,-58,-15,-997,-2380,-350,490,-224,-568,120,1001.21,39.20
91936,-26,-7,-997,-1820,630,140,-228,-584,109,1001.16,39.10
91945,-30,-3,-997,-1750,700,210,-227,-569,122,1001.16,39.10
91976,-22,-7,-997,-1820,490,490,-235,-580,115,1001.29,39.20
91985,-34,-11,-994,-1750,840,630,-229,-577,119,1001.29,39.20
92016,-15,-7,-994,-1540,1890,350,-239,-584,111,1001.21,39.10
92025,-30,-7,-997,-1890,910,350,-236,-588,113,1001.21,39.10
92056,-34,-7,-1001,-2170,-210,70,-237,-590,112,1001.25,39.20
92065,-26,-3,-997,-1610,560,70,-224,-569,105,1001.25,39.20
92096,-26,-11,-990,-350,3360,0,-229,-579,115,1001.12,39.10
92105,-19,-7,-1001,-420,3220,-70,-222,-582,105,1001.12,39.10
92136,-19,-3,-994,-1820,840,210,-231,-577,105,1001.22,39.10
92145,-22,-3,-997,-2240,70,210,-235,-579,109,1001.22,39.10
92176,-26,-7,-1001,-2030,-70,350,-240,-590,104,1001.15,39.10
92185,-22,-11,-994,-2030,560,280,-235,-579,105,1001.15,39.10
92216,-34,4,-997,-1540,1190,70,-233,-579,107,1001.13,39.10
92225,-22,-7,-997,-1540,1540,-140,-221,-576,101,1001.13,39.10
92256,-22,-3,-997,-2030,140,70,-233,-584,104,1001.17,39.20
92265,-19,-11,-990,-2030,-210,210,-228,-587,117,1001.17,39.20
92296,-26,-7,-997,-2030,70,210,-231,-573,105,1001.25,39.10
92305,-19,-3,-994,-2030,910,280,-229,-570,112,1001.25,39.10
92336,-22,-7,-997,-1540,1400,140,-225,-568,107,1001.32,39.20
92345,-22,-3,-997,-1540,980,140,-235,-572,116,1001.32,39.20
92376,-22,-7,-990,-1610,770,70,-236,-574,112,1001.26,39.10
92385,-34,-7,-990,-1610,770,0,-231,-572,112,1001.26,39.10
92416,-22,-11,-997,-1890,1050,280,-229,-583,113,1001.18,39.10
92425,-22,-11,-997,-1890,1050,490,-226,-590,113,1001.18,39.10
92456,-26,-7,-997,-1610,1190,350,-242,-577,115,1001.23,39.10
92465,-11,-7,-986,-1610,1190,420,-222,-575,113,1001.23,39.10
92496,-22,-7,-997,-1680,770,140,-231,-583,119,1001.16,39.10
92505,-26,0,-1009,-1680,770,210,-228,-579,111,1001.16,39.10
92536,-22,-3,-990,-1680,1120,140,-229,-572,111,1001.26,39.10
92545,-15,-3,-994,-1680,1120,140,-240,-587,117,1001.26,39.10
92576,-7,-7,-1001,-1610,980,490,-229,-582,96,1001.19,39.10
92585,-26,-11,-997,-1610,980,490,-239,-583,101,1001.19,39.10
92616,-26,-11,-997,-1610,840,70,-229,-587,115,1001.19,39.10
92625,-19,-7,-994,-1610,840,70,-235,-583,113,1001.19,39.10
92656,-26,-3,-994,-1750,630,70,-226,-584,119,1001.18,39.10
92665,-15,-3,-997,-1750,630,70,-242,-581,107,1001.18,39.10
92696,-19,-11,-1001,-1820,910,280,-231,-576,115,1001.09,39.10
92705,-26,-3,-994,-1820,910,280,-236,-576,112,1001.09,39.10
92736,-26,-3,-1001,-1610,840,420,-228,-577,115,1001.16,39.10
92745,-19,-7,-990,-1610,840,420,-235,-579,104,1001.16,39.10
92776,-30,-7,-997,-1750,980,350,-237,-588,105,1001.14,39.10
92785,-22,-11,-994,-1750,980,350,-217,-584,112,1001.14,39.10
92816,-30,-7,-997,-2100,-140,210,-226,-584,109,1001.21,39.10
92825,-22,-11,-990,-2100,-140,210,-242,-583,116,1001.21,39.10
92856,-26,-3,-997,-980,2170,-140,-236,-579,105,1001.20,39.10
92865,-15,-7,-1005,-980,2170,-140,-225,-572,115,1001.20,39.10
92896,-26,-7,-994,-1260,1610,-70,-218,-584,113,1001.10,39.10
92905,-19,-3,-994,-1260,1610,-70,-239,-590,112,1001.10,39.10
92936,-11,-3,-990,-1610,980,0,-226,-586,113,1001.24,39.10
92945,-22,-7,-1005,-1610,980,0,-229,-583,113,1001.24,39.10
92976,-19,-7,-1005,-1820,840,420,-231,-579,111,1001.11,39.10
92985,-26,-3,-990,-1820,840,420,-236,-584,111,1001.11,39.10
93016,-30,-7,-994,-2100,-70,70,-235,-577,115,1001.19,39.10
93025,-19,-7,-994,-2100,-70,70,-232,-588,112,1001.19,39.10
93056,-22,-3,-1001,-1750,840,-140,-235,-583,111,1001.10,39.10
93065,-26,-7,-1001,-1750,840,-140,-230,-595,105,1001.10,39.10
93096,-26,-3,-986,-1540,700,350,-243,-576,109,1001.22,39.10
93105,-26,-3,-986,-1540,700,350,-236,-576,107,1001.22,39.10
93136,-22,-7,-990,-1540,1610,0,-240,-580,97,1001.26,39.10
93145,-22,-7,-990,-1540,1610,0,-235,-585,120,1001.26,39.10
93176,-22,-7,-997,-2170,280,210,-233,-588,105,1001.19,39.10
93185,-19,0,-990,-2170,280,210,-222,-586,115,1001.19,39.10
93216,-22,0,-994,-1610,910,420,-228,-580,113,1001.14,39.10
93225,-22,-7,-990,-1610,910,420,-235,-580,116,1001.14,39.10
93256,-19,-11,-1013,-1610,700,350,-233,-579,113,1001.25,39.10
93265,-26,-7,-978,-1890,700,350,-229,-583,117,1001.25,39.10
93296,-30,-3,-994,-1470,1960,-140,-226,-584,109,1001.15,39.10
93305,-26,-11,-994,-1120,1960,-140,-233,-577,109,1001.15,39.10
93336,-22,-7,-1001,-700,2870,-420,-235,-579,109,1001.01,39.10
93345,-22,-7,-994,-560,2870,-420,-236,-577,112,1001.01,39.10
93376,-15,-3,-997,-420,3080,0,-229,-580,100,1001.19,39.10
93385,-3,0,-997,-560,3080,0,-225,-573,111,1001.19,39.10
93416,-3,-7,-994,-980,2450,280,-237,-588,108,1001.10,39.10
93425,-19,0,-1021,-840,2450,280,-235,-583,123,1001.10,39.10
93456,-15,-3,-994,-560,2870,980,-236,-572,112,1001.16,39.10
93465,-15,-3,-986,-350,3360,980,-225,-577,113,1001.16,39.10
93496,-19,0,-997,-1260,1680,210,-235,-584,115,1001.19,39.10
93505,27,0,-1040,-1890,630,210,-240,-577,100,1001.19,39.10
93536,-155,-155,-1251,-3220,-210,-3710,-232,-577,116,1001.14,39.10
93545,-85,39,-775,-490,280,-3710,-247,-583,109,1001.14,39.10
93576,27,23,-978,3010,3080,-3430,-236,-595,109,1001.17,39.10
93585,4,20,-982,2170,3290,-3430,-229,-579,101,1001.17,39.10
93616,-15,-3,-1001,-2590,-490,1330,-244,-591,100,1001.22,39.20
93625,-30,0,-1005,-2450,-210,1330,-235,-583,108,1001.22,39.20
93656,-11,4,-994,490,3570,-1120,-232,-586,109,1001.17,39.20
93665,-22,-3,-997,980,4480,-1330,-239,-588,104,1001.17,39.20
93696,-7,4,-994,140,3500,-1050,-232,-584,105,1001.29,39.20
93705,-22,0,-986,-910,2170,-350,-239,-588,105,1001.29,39.20
93736,-19,0,-1001,-2240,70,210,-226,-587,109,1001.13,39.20
93745,-15,-3,-1001,-2170,140,-140,-229,-587,101,1001.13,39.20
93776,-15,-11,-994,-2170,-420,-1400,-239,-594,112,1001.08,39.10
93785,-11,0,-997,-2660,-1190,-1190,-244,-588,117,1001.08,39.10
93816,-26,0,-994,-1890,350,-560,-240,-590,104,1001.17,39.20
93825,-19,4,-994,-1330,1540,140,-251,-591,111,1001.17,39.20
93856,-19,0,-1001,-840,2310,420,-240,-583,109,1001.19,39.20
93865,-19,0,-1001,-630,2380,140,-233,-591,112,1001.19,39.20
93896,-11,12,-1005,-1050,1400,-490,-246,-592,109,1001.20,39.20
93905,-11,12,-1005,-1190,1120,-420,-244,-587,109,1001.20,39.20
93936,-11,0,-986,-1400,1190,70,-240,-584,104,1001.19,39.20
93945,-19,0,-1009,-1540,1400,0,-239,-588,108,1001.19,39.20
93976,16,12,-990,-1680,350,420,-250,-585,126,1001.26,39.20
93985,-7,-7,-1013,-1750,70,840,-254,-587,111,1001.26,39.20
94016,-11,0,-1009,-1960,-70,770,-246,-587,108,1001.21,39.20
94025,-11,4,-1005,-2450,-840,700,-257,-595,113,1001.21,39.20
94056,-22,-3,-1021,-3080,-1190,420,-254,-589,109,1001.11,39.20
94065,-19,-3,-1009,-2800,-980,490,-247,-580,115,1001.11,39.20
94096,-11,4,-1013,-1540,630,630,-265,-591,109,1001.16,39.20
94105,-19,0,-986,-980,1330,560,-261,-585,105,1001.16,39.20
94136,-15,4,-970,-350,2450,420,-262,-587,105,1001.19,39.20
94145,-61,-30,-1060,-560,2310,280,-262,-589,109,1001.19,39.20
94176,39,51,-857,-1540,1400,1260,-276,-582,105,1001.13,39.20
94185,35,31,-990,-1820,560,1260,-268,-593,111,1001.13,39.20
94216,-69,-30,-1040,-2380,-70,1190,-275,-588,100,1001.23,39.20
94225,-30,8,-994,-2310,420,1610,-264,-589,107,1001.23,39.20
94256,0,-7,-1036,-1400,1260,1260,-268,-582,119,1001.13,39.20
94265,0,20,-947,-1400,1190,1050,-265,-597,120,1001.13,39.20
94296,-30,12,-990,-2310,910,2030,-267,-589,115,1001.09,39.20
94305,0,0,-986,-2520,280,2520,-265,-584,111,1001.09,39.20
94336,-19,-7,-1005,-2520,-140,3150,-258,-584,115,1001.15,39.20
94345,-38,-11,-997,-2240,140,2800,-256,-580,112,1001.15,39.20
94376,-7,0,-1009,-1400,910,560,-253,-588,108,1001.28,39.20
94385,-19,-11,-1017,-1260,840,140,-249,-585,116,1001.28,39.20
94416,-7,-3,-1005,-1190,630,490,-244,-594,109,1001.14,39.20
94425,-22,4,-994,-1050,1050,420,-251,-591,117,1001.14,39.20
94456,-11,0,-994,-210,2310,210,-249,-585,113,1001.15,39.20
94465,-15,4,-994,-350,2030,280,-243,-592,108,1001.15,39.20
94496,-7,12,-990,0,2660,-280,-243,-580,112,1001.16,39.20
94505,-3,8,-986,-350,2380,-140,-247,-587,109,1001.16,39.20
94536,-3,8,-1005,-2450,-350,630,-257,-585,116,1001.15,39.20
94545,-11,8,-997,-3010,-1120,910,-253,-584,109,1001.15,39.20
94576,-26,-7,-997,-3500,-2170,1260,-247,-594,108,1001.18,39.20
94585,-30,0,-1005,-2940,-1540,1050,-251,-584,109,1001.18,39.20
94616,-30,-3,-994,-1260,1470,70,-257,-587,104,1001.16,39.20
94625,-11,-3,-994,-1400,1120,0,-264,-577,103,1001.16,39.20
94656,-11,0,-1001,-1820,210,140,-257,-573,96,1001.24,39.20
94665,-11,0,-1001,-1960,140,420,-268,-574,99,1001.24,39.20
94696,-34,4,-966,-3220,-1120,70,-250,-583,90,1001.09,39.20
94705,-11,0,-1005,-3010,-840,420,-243,-577,90,1001.09,39.20
94736,-22,4,-978,-2170,0,490,-245,-566,88,1001.16,39.20
94745,-11,4,-986,-1470,1120,490,-253,-577,96,1001.16,39.20
94776,-19,-3,-986,-1470,700,560,-249,-577,84,1001.12,39.20
94785,-22,4,-997,-1750,70,420,-239,-568,93,1001.12,39.20
94816,-30,4,-994,-1680,490,350,-243,-566,80,1001.23,39.20
94825,-19,0,-994,-1540,980,280,-242,-579,88,1001.23,39.20
94856,-26,4,-997,-1470,1470,280,-249,-565,85,1001.21,39.20
94865,-19,-3,-997,-1330,1400,350,-249,-570,85,1001.21,39.20
94896,-19,0,-1001,-700,2100,-140,-254,-563,85,1001.05,39.20
94905,-15,0,-1009,-840,1890,-140,-253,-570,80,1001.05,39.20
94936,-19,4,-990,-1400,1190,0,-256,-554,91,1001.07,39.20
94945,-19,0,-994,-1610,1050,140,-243,-557,85,1001.07,39.20
94976,-15,0,-997,-1750,770,490,-246,-561,80,1001.13,39.20
94985,-22,0,-997,-1190,1540,280,-249,-558,77,1001.13,39.20
95016,-15,4,-994,-560,2380,-280,-257,-557,74,1001.01,39.20
95025,-19,4,-994,-980,1680,-70,-260,-565,91,1001.01,39.20
95056,-22,0,-997,-2100,70,350,-263,-552,81,1001.16,39.20
95065,-15,4,-990,-2170,70,280,-263,-554,85,1001.16,39.20
95096,-26,0,-997,-1260,1330,140,-262,-544,91,1001.16,39.20
95105,-15,-3,-990,-840,1890,280,-260,-544,91,1001.14,39.20
95136,-15,8,-994,-1330,1330,210,-277,-542,83,1001.14,39.20
95145,-15,4,-994,-1540,980,280,-273,-544,75,1001.12,39.20
95176,-7,4,-994,-2170,350,280,-264,-541,73,1001.12,39.20
95185,-15,0,-1001,-2240,0,420,-270,-531,84,1001.11,39.20
95216,-19,-3,-990,-1050,1680,-210,-280,-530,80,1001.11,39.20
95225,-19,-3,-997,-280,2870,-420,-281,-529,72,1001.26,39.20
95256,-3,16,-990,280,3990,-770,-282,-540,68,1001.26,39.20
95265,-15,4,-1005,-560,2800,-420,-288,-545,73,1001.14,39.20
95296,-7,4,-990,-2590,-560,420,-281,-534,79,1001.14,39.20
95305,-15,0,-997,-2800,-840,560,-284,-544,84,1001.15,39.20
95336,-26,-3,-997,-2310,-140,280,-287,-534,84,1001.15,39.20
95345,-26,-3,-997,-2310,-210,490,-288,-537,88,1001.40,39.20
95376,-19,0,-1001,-2310,0,350,-280,-524,84,1001.40,39.20
95385,-19,0,-1001,-2100,280,350,-280,-524,87,1001.20,39.20
95416,-19,8,-997,-2030,350,-70,-278,-542,87,1001.20,39.20
95425,-15,-3,-997,-2170,70,0,-278,-542,88,1001.16,39.20
95456,-26,0,-990,-1750,910,420,-280,-535,86,1001.16,39.20
95465,-19,0,-1005,-1750,1190,210,-280,-535,86,1001.16,39.20
95496,-19,8,-990,-1680,770,70,-273,-534,83,1001.16,39.20
95505,-11,0,-1001,-1400,1260,-70,-273,-534,83,1001.21,39.20
95536,-11,8,-997,-1190,1960,-210,-276,-527,76,1001.21,39.20
95545,-19,4,-990,-1540,1190,70,-276,-527,76,1001.17,39.20
95576,-11,8,-990,-1820,560,280,-283,-526,87,1001.17,39.20
95585,-7,8,-997,-1750,700,280,-283,-526,87,1001.16,39.20
95616,-15,8,-997,-2030,490,350,-273,-537,83,1001.16,39.20
95625,-11,4,-994,-2310,280,770,-273,-537,83,1001.09,39.20
95656,-26,-3,-1001,-2800,0,1190,-263,-527,91,1001.09,39.20
95665,-26,-3,-997,-2450,350,700,-263,-527,91,1001.15,39.20
95696,-19,0,-994,-1400,1190,-420,-285,-544,80,1001.15,39.20
95705,-7,4,-994,-1050,1540,-420,-285,-544,80,1001.14,39.20
95736,-19,0,-1001,-1260,1190,70,-270,-544,87,1001.14,39.20
95745,-11,4,-997,-1470,980,210,-270,-544,87,1001.19,39.20
95776,-11,12,-994,-2450,-140,140,-269,-534,75,1001.19,39.20
95785,-19,0,-994,-2450,-140,140,-269,-534,75,1001.17,39.20
95816,-22,0,-994,-1820,140,350,-258,-533,88,1001.17,39.20
95825,-22,12,-994,-1400,840,0,-258,-533,88,1001.12,39.20
95856,-7,0,-994,-1330,1260,-70,-263,-536,88,1001.12,39.20
95865,-15,4,-1001,-1750,700,140,-263,-536,88,1001.19,39.20
95896,-15,-3,-994,-2800,-770,280,-257,-552,92,1001.19,39.20
95905,-22,0,-994,-2520,-350,350,-257,-552,92,1001.17,39.20
95936,-15,4,-1013,-1050,2100,210,-258,-533,94,1001.17,39.20
95945,-19,0,-994,-1190,2030,210,-258,-533,94,1001.19,39.20
95976,-15,8,-997,-1540,1050,-210,-262,-543,81,1001.19,39.20
95985,-19,4,-990,-1400,1120,-420,-262,-543,81,1001.15,39.20
96016,-19,0,-994,-1120,1820,-280,-269,-536,76,1001.15,39.20
96025,-15,8,-997,-1120,2030,-280,-269,-536,76,1001.15,39.20
96056,-11,8,-986,-1400,1470,-210,-267,-531,90,1001.15,39.20
96065,-7,0,-994,-1400,1470,0,-267,-531,90,1001.12,39.20
96096,-15,8,-1001,-2590,-490,490,-273,-544,94,1001.12,39.20
96105,-15,8,-1001,-3150,-1470,490,-260,-544,95,1001.30,39.20
96136,-22,0,-994,-3080,-1610,490,-259,-540,88,1001.30,39.20
96145,-22,0,-994,-2590,-700,420,-264,-544,88,1001.17,39.20
96176,-11,12,-994,-1540,1330,70,-260,-536,80,1001.17,39.20
96185,-7,8,-994,-1890,910,210,-264,-545,83,1001.20,39.20
96216,-22,0,-1001,-2030,-140,350,-262,-544,87,1001.20,39.20
96225,-19,4,-990,-1610,350,280,-266,-545,98,1001.25,39.20
96256,-19,4,-990,-770,2730,-210,-260,-545,96,1001.25,39.20
96265,-11,4,-997,-840,2870,-140,-258,-534,90,1001.23,39.30
96296,-15,0,-1009,-2800,-490,770,-263,-538,92,1001.23,39.30
96305,-19,-7,-997,-3010,-1120,700,-248,-541,84,1001.24,39.20
96336,-26,0,-990,-1330,1190,-210,-256,-540,95,1001.24,39.20
96345,-7,0,-986,-1050,2030,-420,-249,-536,87,1001.24,39.30
96376,-19,0,-986,-2730,-490,630,-245,-558,100,1001.15,39.30
96385,-30,4,-1005,-2520,-70,280,-256,-551,92,1001.15,39.30
96416,0,8,-1001,-2520,-350,140,-253,-555,81,1001.17,39.30
96425,-15,12,-997,-2800,-840,210,-253,-547,96,1001.17,39.30
96456,-22,0,-994,-840,2310,-840,-248,-550,89,1001.24,39.30
96465,-22,4,-997,0,3780,-1190,-249,-559,95,1001.24,39.30
96496,-30,8,-997,210,4340,-1050,-246,-554,89,1001.07,39.20
96505,-11,4,-1001,-490,3220,-840,-252,-551,103,1001.07,39.20
96536,-11,0,-994,-1120,2590,-910,-243,-558,97,1001.08,39.20
96545,-11,8,-994,-1540,2170,-700,-246,-559,93,1001.08,39.20
96576,-22,4,-990,-2030,1190,560,-253,-558,93,1001.25,39.20
96585,-15,0,-1001,-1820,1330,420,-242,-561,97,1001.25,39.20
96616,-7,0,-994,-1120,1750,-420,-245,-559,100,1001.27,39.20
96625,-7,4,-986,-1540,1190,-630,-252,-558,100,1001.27,39.20
96656,-19,4,-986,-3500,-2240,210,-250,-561,93,1001.13,39.30
96665,-11,0,-1001,-3780,-2660,560,-249,-562,100,1001.13,39.30
96696,-19,8,-994,-2100,70,280,-257,-562,99,1001.20,39.30
96705,-7,0,-997,-1470,1190,-70,-246,-555,95,1001.20,39.30
96736,-19,8,-990,-2450,-560,70,-252,-552,95,1001.11,39.30
96745,-7,8,-997,-2730,-1260,140,-245,-561,97,1001.11,39.30
96776,-15,0,-1001,-1960,-70,0,-246,-562,104,1001.22,39.30
96785,-11,0,-990,-1470,1050,0,-256,-558,91,1001.22,39.30
96816,-19,0,-997,-1890,770,350,-256,-570,95,1001.22,39.30
96825,-15,4,-994,-2030,490,210,-249,-559,95,1001.22,39.30
96856,-19,12,-1005,-1890,350,-140,-242,-562,99,1001.07,39.30
96865,-19,12,-1005,-1750,700,-70,-249,-561,97,1001.07,39.30
96896,-11,8,-1001,-1540,1190,350,-246,-559,89,1001.28,39.30
96905,-11,8,-1001,-2030,490,560,-246,-559,97,1001.28,39.30
96936,-22,8,-994,-2380,-210,280,-243,-554,91,1001.26,39.30
96945,-19,4,-1001,-2030,350,140,-264,-552,95,1001.26,39.30
96976,-19,0,-990,-770,2310,210,-250,-562,97,1001.18,39.30
96985,-11,12,-986,-980,2100,350,-242,-565,95,1001.18,39.30
97016,-19,0,-1001,-1820,980,210,-252,-563,100,1001.13,39.30
97025,-19,8,-997,-1890,910,210,-257,-567,95,1001.13,39.30
97056,-15,0,-990,-1050,1820,140,-254,-563,97,1001.07,39.30
97065,-15,4,-1001,-630,2590,210,-241,-552,95,1001.07,39.30
97096,-11,8,-990,-1750,630,560,-243,-561,93,1001.18,39.30
97105,-19,0,-982,-2030,210,490,-254,-565,100,1001.18,39.30
97136,-11,8,-1001,-1960,770,490,-246,-561,95,1001.08,39.30
97145,-26,0,-997,-1890,770,560,-254,-574,99,1001.08,39.30
97176,-7,-3,-990,-1890,420,560,-256,-558,96,1001.16,39.30
97185,-19,4,-994,-2030,70,490,-242,-562,92,1001.16,39.30
97216,-19,-3,-994,-2380,-560,280,-243,-559,93,1001.20,39.30
97225,-19,0,-994,-2310,-420,140,-260,-563,89,1001.20,39.30
97256,-11,4,-1005,-980,1820,-280,-247,-565,89,1001.14,39.30
97265,-19,4,-997,-770,2380,-140,-249,-565,97,1001.14,39.30
97296,-15,8,-986,-1120,1400,280,-249,-559,89,1001.18,39.30
97305,-15,8,-994,-1260,1260,210,-250,-570,97,1001.18,39.30
97336,-15,-3,-1001,-1960,140,280,-254,-563,85,1001.12,39.30
97345,-15,4,-997,-2100,140,210,-246,-561,88,1001.12,39.30
97376,-19,-3,-994,-1680,280,0,-249,-563,95,1001.17,39.30
97385,-15,8,-997,-1330,840,0,-243,-568,88,1001.17,39.30
97416,-7,8,-990,-280,2450,140,-254,-573,99,1001.19,39.30
97425,-15,0,-1001,-70,3220,140,-250,-559,91,1001.19,39.30
97456,-15,4,-997,-1750,840,560,-243,-565,89,1001.15,39.30
97465,-22,0,-997,-2380,0,490,-254,-565,100,1001.15,39.30
97496,-11,4,-1001,-2240,70,490,-246,-555,93,1001.08,39.30
97505,-11,4,-994,-1680,980,350,-252,-562,97,1001.08,39.30
97536,-11,8,-982,-980,1960,280,-257,-562,93,1001.22,39.30
97545,-15,-3,-997,-1610,1190,350,-245,-569,101,1001.22,39.30
97576,-22,-3,-1013,-4270,-3080,770,-243,-558,99,1001.17,39.30
97585,-11,-7,-1001,-4620,-3570,700,-246,-555,99,1001.17,39.30
97616,-22,-3,-997,-1260,1330,-560,-239,-565,99,1001.15,39.30
97625,-22,-3,-997,-210,3220,-770,-242,-565,89,1001.15,39.30
97656,-7,16,-997,-280,3290,-420,-246,-561,93,1001.14,39.30
97665,-7,16,-997,-1330,1750,-70,-246,-563,97,1001.14,39.30
97696,-11,12,-994,-3150,-1120,770,-250,-569,92,1001.21,39.30
97705,-11,8,-1005,-3150,-1050,840,-242,-577,103,1001.21,39.30
97736,-22,-3,-990,-2310,420,630,-250,-565,95,1001.17,39.30
97745,-19,8,-990,-2030,1050,560,-239,-561,92,1001.17,39.30
97776,0,8,-986,-2100,1260,630,-257,-565,95,1001.07,39.30
97785,-3,4,-990,-2100,1190,770,-250,-562,97,1001.07,39.30
97816,62,31,-1001,-5110,-4760,2310,-242,-565,92,1001.12,39.30
97825,62,51,-919,-8050,-10220,4410,-242,-559,88,1001.12,39.30
97856,-65,-15,-994,-3360,-2100,910,-238,-550,91,1001.20,39.30
97865,-69,-22,-1005,-2730,-1260,490,-246,-555,89,1001.20,39.30
97896,-26,0,-994,-2030,0,-210,-255,-549,106,1001.29,39.30
97905,-22,-3,-1005,-1680,700,-210,-243,-555,95,1001.29,39.30
97936,-3,0,-1025,-3850,-1890,1120,-243,-566,101,1001.11,39.30
97945,-46,-22,-1021,-2310,-210,420,-249,-570,96,1001.11,39.30
97976,-34,-7,-997,-1050,2170,-140,-245,-552,100,1001.19,39.30
97985,-19,0,-1013,-350,3290,-420,-249,-563,95,1001.19,39.30
98016,-11,4,-994,-1050,2030,-490,-246,-559,95,1001.17,39.30
98025,-15,0,-982,-1470,1400,-280,-253,-559,96,1001.17,39.30
98056,-19,-3,-990,-2170,-140,0,-235,-555,91,1001.02,39.30
98065,-22,0,-994,-2240,-70,140,-246,-559,100,1001.02,39.30
98096,-26,-3,-997,-770,2240,140,-246,-552,100,1001.15,39.30
98105,-26,4,-994,-420,2800,0,-242,-562,95,1001.15,39.30
98136,-15,8,-990,-630,2940,-420,-257,-555,95,1001.13,39.30
98145,-26,0,-994,-1120,2240,-350,-250,-556,100,1001.13,39.30
98176,-26,4,-990,-1680,1190,0,-246,-555,93,1001.15,39.30
98185,-19,4,-994,-2030,630,280,-247,-566,93,1001.15,39.30
98216,-19,4,-990,-1680,490,490,-257,-559,89,1001.15,39.30
98225,-26,4,-1001,-1680,350,490,-252,-563,88,1001.15,39.30
98256,-22,0,-997,-1400,840,70,-253,-558,88,1001.21,39.30
98265,-19,0,-997,-1330,1120,0,-254,-565,93,1001.21,39.30
98296,-38,0,-986,-2730,-910,210,-250,-570,85,1001.09,39.30
98305,-11,8,-990,-3220,-2100,350,-253,-558,91,1001.09,39.30
98336,-34,0,-997,-2380,-700,350,-243,-568,93,1001.28,39.30
98345,-30,-3,-997,-1890,0,420,-243,-559,100,1001.28,39.30
98376,-11,-7,-986,-1190,1260,-140,-246,-555,93,1001.05,39.30
98385,-11,-7,-986,-1540,630,-140,-249,-559,84,1001.05,39.30
98416,-22,-7,-997,-2590,-1260,0,-242,-550,85,1001.21,39.30
98425,-22,-7,-997,-2520,-1120,-140,-242,-554,99,1001.21,39.30
98456,-19,12,-990,-1120,1540,-630,-242,-561,99,1001.15,39.30
98465,-26,0,-997,-1050,1680,-280,-242,-562,97,1001.15,39.30
98496,-26,-3,-1001,-1260,980,0,-252,-551,96,1001.11,39.30
98505,-26,-3,-982,-1540,770,70,-246,-561,92,1001.11,39.30
98536,-19,0,-994,-1820,700,140,-264,-558,91,1001.09,39.30
98545,-19,-3,-994,-2100,70,350,-249,-558,95,1001.09,39.30
98576,-34,0,-994,-1610,700,140,-252,-558,100,1001.19,39.30
98585,-34,-3,-986,-1330,1680,0,-253,-563,108,1001.19,39.30
98616,-22,-3,-1001,-2170,560,560,-239,-557,89,1001.19,39.30
98625,-30,-7,-990,-2380,-140,560,-238,-553,81,1001.19,39.30
98656,-30,4,-997,-1540,840,-350,-245,-555,95,1001.13,39.30
98665,-26,0,-994,-1330,1400,-490,-252,-556,95,1001.13,39.30
98696,-22,-7,-990,-1330,1400,280,-242,-561,97,1001.19,39.30
98705,-26,4,-1001,-1470,1330,490,-250,-559,100,1001.19,39.30
98736,-26,4,-994,-1540,1400,70,-245,-562,88,1001.22,39.30
98745,-22,4,-997,-1820,1050,140,-250,-569,97,1001.22,39.30
98776,-22,-3,-1001,-2240,140,210,-249,-566,92,1001.16,39.30
98785,-26,-3,-1001,-2100,280,350,-250,-554,100,1001.16,39.30
98816,-22,4,-994,-1680,1190,280,-249,-559,99,1001.26,39.30
98825,-15,4,-997,-1890,910,420,-250,-559,100,1001.26,39.30
98856,-30,0,-990,-2450,-350,700,-250,-559,108,1001.09,39.30
98865,-30,4,-994,-2590,-630,700,-250,-555,95,1001.09,39.30
98896,-34,0,-994,-2310,-210,210,-250,-562,104,1001.26,39.30
98905,-19,-7,-997,-2240,-70,210,-246,-559,100,1001.26,39.30
98936,-26,-7,-1001,-3010,-1890,910,-241,-554,100,1001.19,39.30
98945,-34,0,-990,-3500,-2380,1050,-238,-555,96,1001.19,39.30
98976,-26,4,-974,-3920,-3710,1330,-252,-555,108,1001.14,39.30
98985,-26,0,-997,-3290,-2450,1050,-235,-555,96,1001.14,39.30
99016,-58,-15,-994,-2730,-1330,1190,-232,-557,95,1001.27,39.30
99025,-34,-3,-1001,-2660,-1190,1330,-238,-557,97,1001.27,39.30
99056,-34,-3,-994,-910,2310,-70,-239,-559,97,1001.26,39.30
99065,-30,0,-994,-910,2310,-70,-239,-554,112,1001.26,39.30
99096,-26,4,-994,-1820,630,140,-243,-559,100,1001.09,39.30
99105,-30,-3,-997,-1680,700,140,-252,-551,103,1001.09,39.30
99136,-34,0,-990,-910,2520,-210,-238,-565,96,1001.14,39.30
99145,-34,0,-990,-910,2590,-350,-257,-556,95,1001.14,39.30
99176,-30,0,-990,-1470,1050,-70,-250,-555,95,1001.26,39.30
99185,-30,0,-990,-1330,1400,-140,-246,-559,93,1001.26,39.30
99216,-26,-11,-997,-1470,1750,0,-238,-559,93,1001.24,39.30
99225,-34,0,-990,-1330,1960,-140,-241,-559,95,1001.24,39.30
99256,-30,-7,-1001,-1400,1330,-490,-243,-559,99,1001.16,39.30
99265,-46,-3,-1005,-910,2030,-840,-242,-554,96,1001.16,39.30
99296,-26,-7,-990,350,4830,-1050,-239,-559,95,1001.21,39.30
99305,-22,4,-990,420,5250,-840,-253,-548,88,1001.21,39.30
99336,-22,4,-997,-560,3640,-210,-259,-563,100,1001.31,39.30
99345,-11,8,-986,-1120,2590,0,-242,-554,100,1001.31,39.30
99376,-26,0,-997,-2520,-840,490,-253,-565,85,1001.26,39.30
99385,-30,-7,-990,-2520,-980,490,-242,-552,99,1001.26,39.30
99416,-26,-3,-997,-1820,490,280,-239,-562,97,1001.18,39.30
99425,-30,0,-994,-1750,560,350,-242,-551,93,1001.18,39.30
99456,-26,0,-994,-2030,70,0,-250,-566,93,1001.19,39.30
99465,-22,4,-1001,-2310,-210,70,-243,-559,97,1001.19,39.30
99496,-30,-3,-997,-2730,-770,280,-249,-548,100,1001.09,39.30
99505,-26,-7,-997,-2660,-770,350,-249,-554,87,1001.09,39.30
99536,-30,0,-1001,-2450,-280,0,-248,-550,89,1001.17,39.30
99545,-30,4,-994,-2450,0,-70,-241,-548,89,1001.17,39.30
99576,-30,-11,-994,-1330,2520,-770,-248,-556,99,1001.17,39.30
99585,-34,4,-990,-1050,3360,-1190,-235,-557,97,1001.17,39.30
99616,-30,-11,-1005,-1820,2520,-2310,-252,-552,95,1001.05,39.30
99625,-30,-7,-997,-1960,2310,-2730,-238,-548,95,1001.05,39.30
99656,-42,8,-966,-350,6510,-4760,-253,-552,89,1001.12,39.30
99665,-34,-3,-990,1120,9030,-6860,-256,-559,85,1001.12,39.30
99696,-194,-159,-1286,-1540,8050,-8330,-263,-551,91,1001.18,39.30
99705,-11,-38,-1068,-980,12460,-6650,-257,-552,89,1001.18,39.30
99736,-50,39,-841,1400,9240,-1400,-266,-551,88,1001.20,39.30
99745,0,20,-943,2730,8820,1330,-267,-549,85,1001.20,39.30
99776,8,12,-997,140,5950,-1120,-270,-552,81,1001.21,39.30
99785,35,-7,-1068,0,5670,-560,-277,-549,88,1001.21,39.30
99816,12,12,-986,-2450,4690,350,-270,-554,77,1001.29,39.30
99825,-3,-7,-1009,-4060,3920,840,-275,-552,83,1001.29,39.30
99856,55,-15,-1107,-4620,1960,2730,-271,-549,88,1001.16,39.30
99865,-22,-26,-1048,-2730,1680,4550,-269,-537,83,1001.16,39.30
99896,-3,0,-982,-1960,2310,-1960,-269,-540,92,1001.14,39.30
99905,-3,0,-982,-3220,2590,-1330,-271,-547,84,1001.14,39.30
99936,0,0,-990,-6930,-70,140,-253,-548,83,1001.20,39.30
99945,0,0,-990,-8190,-1610,-630,-260,-544,91,1001.20,39.30
99976,55,16,-990,-8050,-1400,-1470,-267,-547,84,1001.12,39.30
99985,-30,-3,-935,-5040,-210,910,-256,-540,96,1001.12,39.30
100016,12,-3,-990,-2240,3780,3080,-257,-548,88,1001.20,39.30
100025,-11,-3,-978,-2730,3500,2940,-249,-541,91,1001.20,39.30
100056,-22,-11,-978,-3990,1820,1960,-271,-548,102,1001.16,39.30
100065,4,-19,-1036,-7560,980,1190,-256,-544,91,1001.16,39.30
100096,8,8,-931,-8050,1400,840,-251,-540,107,1001.08,39.30
100105,-26,-22,-986,-8750,2100,-70,-259,-547,99,1001.08,39.30
100136,-11,-19,-1009,-3360,3150,1190,-259,-538,99,1001.19,39.30
100145,-3,-15,-982,-3780,1610,840,-256,-538,94,1001.19,39.30
100176,0,-15,-997,-4970,1190,350,-248,-544,106,1001.30,39.30
100185,0,-22,-997,-3990,1610,630,-246,-545,110,1001.30,39.30
100216,-3,-15,-997,-4340,-840,-560,-244,-544,123,1001.18,39.30
100225,0,-19,-997,-4760,-1470,-840,-237,-556,127,1001.18,39.30
100256,-15,-26,-1029,-3150,560,-770,-238,-534,125,1001.19,39.30
100265,-3,-34,-1033,-2730,980,-70,-242,-552,137,1001.19,39.30
100296,0,-22,-970,-3010,420,630,-229,-534,134,1001.10,39.30
100305,-11,-11,-943,-4760,700,350,-237,-544,134,1001.10,39.30
100336,-7,-19,-994,-1890,1120,140,-220,-540,149,1001.21,39.30
100345,4,-22,-1017,-2240,1260,-140,-238,-542,144,1001.21,39.30
100376,31,-7,-982,-6650,560,-840,-222,-540,141,1001.16,39.30
100385,-7,-26,-1005,-5740,700,-1540,-217,-545,145,1001.16,39.30
100416,8,-26,-1001,-10780,-1750,-3360,-201,-555,181,1001.21,39.30
100425,-61,-50,-994,-10640,-2030,-4760,-185,-559,185,1001.21,39.30
100456,16,-15,-958,-8960,-1050,-5670,-171,-582,224,1001.15,39.30
100465,39,-34,-1036,-9800,-2450,-2380,-171,-588,243,1001.15,39.30
100496,-7,-34,-990,-8120,-1890,700,-169,-634,275,1001.08,39.30
100505,-22,-54,-1021,-7280,-1190,1050,-162,-643,282,1001.08,39.30
100536,20,-38,-1025,-4480,420,0,-169,-700,329,1001.15,39.30
100545,-7,-46,-997,-4270,910,-70,-188,-716,337,1001.15,39.30
100576,31,-54,-1064,-5810,-1400,-2520,-158,-766,373,1001.12,39.30
100585,101,-11,-1001,-4340,-210,-350,-154,-776,385,1001.12,39.30
100616,0,-46,-1021,-2380,560,2100,-131,-842,433,1001.16,39.30
100625,0,-46,-1021,-2450,420,2590,-107,-865,468,1001.16,39.30
100656,-22,-26,-947,-3360,-140,8260,-25,-927,513,1001.16,39.30
100665,-22,-26,-947,-2660,770,6720,30,-947,527,1001.21,39.30
100696,35,-46,-1033,-2520,3500,7210,149,-1038,550,1001.21,39.30
100705,-46,-65,-1021,-4690,3220,9800,201,-1072,571,1001.15,39.30
100736,-69,-73,-1013,-1960,9170,-3920,331,-1180,617,1001.15,39.30
100745,-65,-77,-1029,-1190,9450,-10080,379,-1231,661,1001.26,39.30
100776,105,-15,-1048,910,16800,8120,645,-1311,868,1001.26,39.30
100785,-3,-65,-1005,2380,18480,10640,796,-1307,938,1001.17,39.30
100816,-69,-85,-1091,7560,27650,14560,1310,-1087,1044,1001.17,39.30
100825,-3,-22,-997,17360,44730,17150,1470,-992,1099,1001.05,39.30
100856,-61,-85,-1036,33110,66710,5390,1986,-612,1443,1001.05,39.30
100865,179,43,-912,38780,72520,-3080,2174,-477,1672,1001.15,39.30
100896,445,183,-717,34580,52220,-23730,2711,78,2712,1001.15,39.30
100905,-15,-61,-1087,-9170,-5670,4970,2817,376,3031,1001.21,39.30
100936,70,-15,-1029,-3990,-2240,70,2837,1493,3836,1001.21,39.30
100945,164,35,-896,210,1960,-1400,2719,1904,3995,1000.99,39.30
100976,125,16,-958,-7910,-11830,700,1799,3016,3990,1000.99,39.30
100985,105,12,-982,-9310,-14140,-70,1311,3334,3845,1001.18,39.30
101016,113,8,-997,-10710,-15400,-2380,354,4341,3649,1001.18,39.30
101025,51,4,-986,-11900,-18060,-2590,66,4559,3490,1001.16,39.30
101056,109,8,-978,-13020,-19320,770,-715,4870,3058,1001.16,39.30
101065,-22,137,-756,-15120,-22050,-1330,-966,4980,3025,1001.22,39.30
101096,117,-3,-974,-15820,-23100,-2730,-1889,5599,3510,1001.22,39.30
101105,59,-19,-1001,-15120,-23170,-70,-2258,5878,3862,1001.22,39.30
101136,59,-19,-997,-15120,-24010,5320,-3628,6967,5685,1001.22,39.30
101145,-7,-38,-986,-16800,-26390,5460,-4233,7411,6691,1001.07,39.30
101176,261,74,-916,-27300,-43050,-25690,-7162,8798,11380,1001.07,39.30
101185,12,-69,-1075,-33110,-48720,-3850,-8465,9262,13736,1001.16,39.30
101216,70,-54,-1068,-14280,-23800,-6370,-13406,10857,25773,1001.16,39.30
101225,-26,-22,-873,-8120,-14980,-4480,-14879,11314,31295,1001.27,39.30
101256,0,-50,-990,-2030,-5390,-10080,-16065,12512,53068,1001.27,39.30
101265,27,-50,-1036,-3570,-9590,-6300,-14602,13488,58037,1001.18,39.30
101296,23,-46,-990,-2240,-7490,-5390,-1853,22261,45848,1001.18,39.30
101305,-85,-73,-997,-1190,-5530,350,5323,27186,40936,1001.19,39.30
101336,-42,-73,-978,560,-3010,-2380,520,43585,-12908,1001.19,39.30
101345,-3,-38,-986,630,-2450,-1680,-715,10638,-541,1001.25,39.30
101376,4,-38,-1005,1540,4200,-3990,-1207,-989,-162,1001.25,39.30
101385,4,-38,-1005,3220,7840,-6230,-1166,-979,-40,1001.19,39.30
101416,-15,-50,-997,2940,6300,-3360,-947,-835,-31,1001.19,39.30
101425,-15,-50,-997,2800,5880,-2520,-870,-779,-54,1001.18,39.30
101456,-11,-54,-1001,-280,490,-1050,-693,-641,-10,1001.18,39.30
101465,-3,-38,-1001,-420,-1050,-770,-627,-596,11,1001.22,39.30
101496,-15,-46,-1001,-980,-2030,0,-492,-469,67,1001.22,39.30
101505,-11,-46,-986,-980,-2450,-350,-437,-435,71,1001.22,39.30
101536,-15,-46,-997,-1120,-2170,70,-311,-312,137,1001.22,39.30
101545,-11,-38,-990,-1120,-2310,840,-273,-279,148,1001.21,39.30
101576,-7,-50,-997,-1050,-2870,2450,-135,-138,194,1001.21,39.30
101585,-26,-42,-1001,-1050,-2940,2450,-76,-76,208,1001.23,39.30
101616,-22,-42,-997,-700,-4900,-490,145,153,295,1001.23,39.30
101625,-11,-46,-994,-490,-5320,-350,207,250,338,1001.07,39.30
101656,-26,-46,-990,-420,-4830,1610,219,815,-13285,1001.07,39.30
101665,-34,-46,-986,-350,-4830,1540,-27800,31275,-1986,1001.22,39.30
101696,-22,-46,-997,0,-7700,-420,-17359,12831,-1367,1001.22,39.30
101705,59,320,43,1260,-18270,-5110,-12489,-1321,-890,1001.20,39.30
101736,-54,-46,-986,-490,-3430,1470,748,-889,-843,1001.20,39.30
101745,-58,-46,-994,-350,-3920,1050,807,-919,-815,1001.22,39.30
101776,31,35,-822,1330,-10500,-5880,603,-1082,81,1001.22,39.30
101785,-46,-38,-974,420,-5180,-350,333,-1204,537,1001.13,39.30
101816,-46,-30,-990,280,-2730,1680,1010,-1703,2905,1001.13,39.30
101825,125,230,12,3010,-13090,-5740,1890,-1187,2990,1001.10,39.30
101856,-104,-54,-958,210,-1820,-490,-2590,2860,4205,1001.10,39.30
101865,-50,-38,-982,210,-280,-1330,-2653,-202,3847,1001.16,39.30
101896,-42,-30,-986,210,1610,-910,-2081,-1050,1852,1001.16,39.30
101905,-42,-30,-1009,0,1540,-700,-1980,-1051,1276,1001.15,39.30
101936,-38,-26,-1005,0,-2380,-910,-1400,-1005,135,1001.15,39.30
101945,-54,-38,-1013,420,-3010,-3290,-1180,-950,-47,1001.15,39.30
101976,-34,-42,-1052,1540,-3990,-4340,-794,-732,-89,1001.23,39.30
101985,-108,-50,-978,1120,-4060,-2660,-698,-650,-55,1001.23,39.30
102016,-38,-15,-997,2100,-2870,1820,-438,-431,29,1001.16,39.30
102025,-50,-19,-990,2310,-3080,2870,-359,-355,43,1001.16,39.30
102056,-54,-22,-990,1190,-3080,2100,-171,-172,81,1001.10,39.30
102065,-65,-26,-994,1470,-2590,3010,-100,-94,97,1001.10,39.30
102096,-73,-34,-1001,1260,-2590,1890,108,314,-4031,1001.22,39.20
102105,374,406,222,630,-9380,-2310,131,633,-11199,1001.22,39.20
102136,-116,-22,-958,700,-2030,-1820,194,-7276,-618,1001.22,39.20
102145,-116,-22,-958,4760,-10150,-7840,106,-11610,-493,1001.22,39.20
102176,-159,-58,-994,-630,-4410,-140,658,-794,-884,1001.18,39.20
102185,-159,-58,-994,-140,-3220,-1330,696,-792,-869,1001.18,39.20
102216,-100,-26,-982,5460,-1820,8120,661,-770,-676,1001.22,39.20
102225,-128,43,-717,4480,-10290,15890,477,-788,-456,1001.22,39.20
102256,-11,16,-1017,140,-560,-2520,-1470,-803,-276,1001.15,39.10
102265,-155,-34,-986,-490,-3990,350,-2701,-804,-636,1001.15,39.10
102296,-61,-3,-994,-490,-910,-1050,-6946,-830,-1894,1001.12,39.10
102305,-89,-15,-994,-770,-1050,-210,-10323,-1131,-767,1001.12,39.10
102336,-81,-7,-997,2660,3710,2520,2493,-883,1750,1001.16,39.10
102345,168,179,-744,10920,-2240,21000,870,8411,-4612,1001.16,39.10
102376,-151,-22,-978,-910,-1190,350,-2123,5124,-2623,1001.03,39.10
102385,-73,-3,-990,-1400,-1050,0,-2152,3406,-1623,1001.03,39.10
102416,-116,-11,-986,-1540,840,-350,-1717,2500,-1171,1001.20,39.10
102425,-61,-3,-1001,-910,2660,-1190,-1489,2617,-1175,1001.20,39.10
102456,-100,-11,-1009,-1540,980,-560,-791,3533,-17,1001.18,39.10
102465,-89,-11,-1001,-1610,1610,-560,-619,3937,1267,1001.18,39.10
102496,-93,-7,-994,-1820,1330,140,-298,3330,9241,1001.26,39.10
102505,-85,-11,-997,-1680,1820,-70,-157,3658,12962,1001.26,39.10
102536,-89,-11,-990,-1890,1750,-140,60,3900,15585,1001.12,39.10
102545,-93,-7,-982,-1960,1400,-70,79,3762,13916,1001.12,39.10
102576,-85,-7,-986,-1820,980,-630,137,3778,11643,1001.18,39.10
102585,-89,-7,-994,-1750,1260,-770,168,4378,10393,1001.18,39.10
102616,-93,-7,-997,-1540,1330,280,257,4434,6023,1001.18,39.10
102625,-89,-3,-990,-1190,2100,210,368,6936,3205,1001.18,39.10
102656,-85,0,-994,-1260,1680,210,387,9329,-12026,1001.29,39.10
102665,-85,-7,-994,-1260,1750,350,652,14959,-12851,1001.29,39.10
102696,-81,4,-997,-980,2310,-70,1061,19271,-1486,1001.15,39.10
102705,-93,-11,-994,-840,1750,70,1319,26145,-1727,1001.15,39.10
102736,31,16,-1087,0,-3640,-7210,576,-686,-926,1001.15,39.00
102745,-163,-42,-1005,-980,1610,-910,577,-666,-912,1001.15,39.00
102776,-7,8,-970,5390,5740,1190,-136,-487,33,1001.21,39.00
102785,-143,-15,-955,5390,1190,5670,-137,-483,-75,1001.21,39.00
102816,-81,-3,-994,-1400,1470,280,-9352,64,-2415,1001.18,39.00
102825,-97,-7,-997,-1400,840,910,-9352,64,-2415,1001.18,39.00
102856,-73,-3,-1001,-1330,2170,280,-1335,1023,2101,1001.25,39.00
102865,-73,-3,-1001,-1330,1750,490,-1335,1023,2101,1001.25,39.00
102896,-81,4,-994,-1960,420,0,2067,2104,29583,1001.21,39.00
102905,-81,4,-994,-1960,560,0,2067,2104,29583,1001.21,39.00
102936,-85,4,-997,-1400,70,70,-1291,-1672,2486,1001.18,39.00
102945,-69,4,-997,-1400,-210,490,-1291,-1672,2486,1001.18,39.00
102976,-61,8,-974,-2030,-2310,2660,-1920,-1298,1036,1001.09,39.00
102985,-108,-7,-994,-2030,-1820,1750,-1920,-1298,1036,1001.09,39.00
103016,-85,-7,-986,-2240,-1190,980,-1409,-1046,-71,1001.22,39.00
103025,-69,0,-997,-2240,-1190,1680,-1409,-1046,-71,1001.22,39.00
103056,644,207,-1103,29750,20580,36890,-952,-810,-218,1001.17,39.00
103065,-568,-233,-1134,29750,20580,49910,-952,-810,-218,1001.17,39.00
103096,-58,8,-1033,3010,-9030,34090,-614,-536,-59,1001.16,39.00
103105,-136,-15,-978,3010,-9030,34720,-614,-536,-59,1001.16,39.00
103136,-108,8,-966,3150,-3500,13230,-417,-351,65,1001.20,39.00
103145,-81,4,-1021,3150,-3500,10850,-417,-351,65,1001.20,39.00
103176,-116,4,-1005,5040,3710,8890,-265,-229,74,1001.23,39.00
103185,-116,12,-947,5040,3710,6580,-265,-229,74,1001.23,39.00
103216,-108,12,-994,-980,910,70,-121,-86,78,1001.05,39.00
103225,-89,16,-994,-980,910,70,-121,-86,78,1001.05,39.00
103256,-112,12,-978,-1610,1750,3080,96,181,-804,1001.10,39.00
103265,-77,12,-1036,-1610,1750,3080,96,181,-804,1001.10,39.00
103296,-116,8,-990,-4130,-420,1610,214,549,-1040,1001.23,39.00
103305,-81,16,-1005,-4130,-420,1610,214,549,-1040,1001.23,39.00
103336,-46,23,-1029,-3290,560,-770,-739,-1578,-1640,1001.24,39.00
103345,-128,-3,-962,-3290,560,-770,-739,-1578,-1640,1001.24,39.00
103376,-124,23,-908,420,0,3500,-650,-1823,-1242,1001.10,39.00
103385,-93,20,-978,420,0,3500,-650,-1823,-1242,1001.10,39.00
103416,-217,-54,-1009,3430,6230,14770,-346,-1392,-765,1001.27,39.00
103425,-155,-15,-1005,3430,6230,14770,-346,-1392,-765,1001.27,39.00
103456,-104,8,-1001,-4690,-3500,-560,-324,-694,-648,1001.15,39.00
103465,-81,20,-990,-4690,-3500,-560,-324,-694,-648,1001.15,39.00
103496,-77,12,-990,-2240,-350,-770,-293,-389,-638,1001.14,39.00
103505,-104,12,-997,-2240,-350,-770,-293,-389,-638,1001.14,39.00
103536,-104,8,-990,-1470,140,420,-301,-299,-619,1001.17,39.00
103545,-89,8,-997,-1470,140,420,-301,-299,-619,1001.17,39.00
103576,-93,4,-997,70,2030,560,-293,-279,-616,1001.17,39.00
103585,-97,12,-994,70,2030,560,-293,-279,-616,1001.17,39.00
103616,-89,16,-990,980,3640,0,-487,-629,106,1001.15,39.00
103625,-89,16,-990,980,3640,0,-487,-629,106,1001.15,39.00
103656,-85,20,-986,1050,3990,280,-462,-619,171,1001.16,39.00
103665,-85,20,-986,1050,3990,280,-462,-619,171,1001.16,39.00
103696,-85,20,-994,840,3920,1820,-468,-632,190,1001.20,39.00
103705,-77,31,-997,840,3920,1820,-461,-631,190,1001.20,39.00
103736,-58,35,-997,-910,1120,4900,-446,-689,201,1001.22,39.00
103745,-81,20,-986,-910,1120,4900,-432,-688,201,1001.22,39.00
103776,-77,23,-982,-1540,2030,3570,-407,-730,203,1001.28,39.00
103785,-93,16,-986,-1540,2030,3570,-390,-745,204,1001.28,39.00
103816,-93,20,-1001,-2940,1540,2520,-375,-788,212,1001.18,39.00
103825,-85,27,-997,-2940,1540,2520,-383,-803,212,1001.18,39.00
103856,-65,27,-990,-1890,5950,3290,-385,-870,208,1001.15,39.00
103865,-81,20,-1001,-1960,5950,3290,-394,-895,200,1001.15,39.00
103896,-85,16,-990,-2450,5880,3220,-453,-976,184,1001.19,39.00
103905,-93,12,-990,-1540,5880,3220,-481,-1032,178,1001.19,39.00
103936,-77,20,-986,-2240,19460,1960,-613,-1228,181,1001.19,39.00
103945,-81,31,-943,-1960,19460,1960,-679,-1358,205,1001.19,39.00
103976,-69,8,-1021,-4550,8680,-1750,-806,-2266,570,1001.19,39.00
103985,-100,4,-990,-8260,8680,-1750,-700,-2811,884,1001.19,39.00
104016,16,51,-1033,-3710,19880,-6370,867,-4796,2453,1001.24,39.00
104025,16,35,-986,2520,19880,-6370,1852,-5332,3148,1001.24,39.00
104056,-19,31,-997,-910,7700,4690,5758,-5197,5239,1001.25,39.00
104065,-15,43,-986,-560,7700,4690,6962,-4508,5826,1001.25,39.00
104096,-61,8,-990,-2730,4900,1960,9255,-1562,7172,1001.36,39.00
104105,-65,8,-997,-3780,6230,1960,9696,-496,7595,1001.36,39.00
104136,16,35,-997,0,21910,-140,11210,3105,9277,1001.17,39.00
104145,-3,23,-994,2240,27650,-140,12016,4682,10012,1001.17,39.00
104176,4,23,-997,910,26600,6300,16541,11662,14509,1001.15,39.00
104185,-11,23,-974,1330,25200,6300,19271,15294,17953,1001.15,39.00
104216,31,23,-986,-3850,30100,11550,26509,32333,-1090,1001.24,39.00
104225,8,23,-1001,-7000,30380,11550,-1302,-904,-405,1001.24,39.00
104256,12,12,-1005,-15750,16030,13510,-1421,-2141,30470,1001.19,39.00
104265,55,27,-1001,-15330,10850,13510,1021,343,3162,1001.19,39.00
104296,-38,-22,-978,-10850,6160,21350,696,635,-245,1001.07,39.00
104305,16,-7,-951,-4130,18830,26740,590,666,-673,1001.07,39.00
104336,70,12,-958,-12040,16730,13090,438,604,-894,1001.20,39.00
104345,35,-19,-1029,-11690,20580,17500,402,569,-821,1001.20,39.00
104376,43,-7,-1036,-11550,12250,29120,248,323,309,1001.17,39.00
104385,43,-7,-1036,-23450,-1820,36680,85,19,1138,1001.17,39.00
104416,23,-58,-1044,-16170,1750,30310,-2293,-21,2977,1001.28,39.00
104425,23,-58,-1044,-15750,5600,27370,-2166,-1199,773,1001.28,39.00
104456,101,20,-939,19460,47040,19670,-1447,-1059,-52,1001.15,38.90
104465,113,20,-1001,23170,64330,26950,-1225,-963,-169,1001.15,38.90
104496,51,-34,-1091,14140,67480,35350,-812,-680,-86,1001.20,38.90
104505,133,27,-962,27230,91980,34020,-727,-620,-45,1001.20,38.90
104536,367,74,-818,40880,158900,46200,-598,-515,-26,1001.25,38.90
104545,320,39,-935,20720,137900,54390,-587,-498,-34,1001.25,38.90
104576,191,0,-990,-15890,58380,51310,-641,-592,-133,1001.28,39.00
104585,211,0,-997,-21140,34370,39130,-703,-698,-149,1001.28,39.00
104616,281,27,-966,-910,10850,18970,563,17915,1998,1001.18,38.90
104625,254,20,-962,-4550,2170,18200,-53715,-2789,10244,1001.18,38.90
104656,265,39,-966,-10010,1750,13580,994,367,-257,1001.27,38.90
104665,254,47,-958,-8540,5950,13440,884,683,-1039,1001.27,38.90
104696,238,47,-962,-3220,1960,4970,768,820,-1172,1001.07,38.90
104705,293,47,-951,-3150,-3290,-630,848,860,-1202,1001.07,38.90
104736,300,16,-951,-17850,-22400,-700,786,956,697,1001.15,38.90
104745,285,51,-947,-19390,-24080,-350,-191,1142,1503,1001.15,38.90
104776,246,35,-970,-18550,-25130,4620,984,-1259,581,1001.14,39.00
104785,246,20,-958,-8750,-13160,2380,180,-802,896,1001.14,39.00
104816,218,12,-966,-4760,-5110,910,-415,-378,-1059,1001.18,39.00
104825,250,31,-947,-3640,-1260,700,-428,-285,-937,1001.18,39.00
104856,269,98,-1001,-2660,15890,4130,-425,-244,-815,1001.16,39.00
104865,324,43,-970,630,17570,4410,-437,-255,-835,1001.16,39.00
104896,250,23,-927,10500,18130,15400,1385,44406,8503,1001.21,39.00
104905,285,43,-958,10430,18270,13650,1600,50376,3505,1001.21,39.00
104936,234,20,-939,10570,32830,15470,636,214,1215,1001.10,39.00
104945,257,43,-955,8120,33180,13860,1144,-1347,570,1001.10,39.00
104976,324,59,-947,700,32900,10780,710,1029,649,1001.25,39.00
104985,281,59,-955,-3290,23100,14070,964,927,-247,1001.25,39.00
105016,343,59,-939,-6440,9870,6930,830,829,-1107,1001.20,39.00
105025,320,51,-962,-4550,9380,6230,768,800,-1105,1001.20,39.00
105056,320,62,-935,1610,5460,8610,714,746,-1121,1001.16,39.00
105065,324,55,-919,3780,10290,10010,747,767,-1117,1001.16,39.00
105096,335,66,-919,2030,17360,10920,920,892,-372,1001.30,39.00
105105,335,55,-931,-490,18410,10990,797,908,158,1001.30,39.00
105136,324,43,-951,-11200,3570,9310,778,-790,-1328,1001.25,39.00
105145,324,43,-951,-9870,1470,9730,285,-799,-1268,1001.25,39.00
105176,351,-34,-1060,-3990,6930,10780,-248,-424,-964,1001.18,39.00
105185,351,-34,-1060,-7560,8260,11760,-289,-371,-871,1001.18,39.00
105216,351,-100,-888,-70,10290,20720,-297,-335,-804,1001.15,39.00
105225,332,27,-931,1890,12530,19320,-298,-340,-833,1001.15,39.00
105256,382,39,-904,3360,11760,5530,-221,-494,-1136,1001.14,39.00
105265,378,117,-904,5600,11550,6580,-63,-644,-613,1001.14,39.00
105296,390,43,-916,-2100,4760,9730,976,1006,235,1001.18,39.00
105305,374,105,-923,-4900,3990,11200,662,733,-1159,1001.18,39.00
105336,320,133,-927,-3150,7350,11690,-119,-51,-605,1001.29,39.00
105345,328,121,-931,-2450,8050,10010,-184,-119,-612,1001.29,39.00
105376,371,101,-919,-3780,2450,5740,-231,-167,-625,1001.19,39.00
105385,355,78,-931,-4620,980,4480,-236,-185,-626,1001.19,39.00
105416,347,82,-931,-4270,1260,4060,-239,-182,-637,1001.27,39.00
105425,359,59,-923,-3360,1890,3150,-247,-186,-633,1001.27,39.00
105456,367,62,-912,-3990,0,2380,-240,-177,-640,1001.06,39.00
105465,374,70,-919,-4760,-70,3080,-240,-186,-637,1001.06,39.00
105496,343,74,-927,-5880,-770,3220,-243,-171,-641,1001.16,39.00
105505,371,62,-935,-4760,0,2520,-231,-174,-629,1001.16,39.00
105536,359,66,-931,-3010,840,1540,-51,-885,378,1001.27,39.00
105545,363,70,-927,-3360,490,1540,-51,-902,384,1001.27,39.00
105576,359,62,-923,-2730,1400,1610,-48,-904,405,1001.25,39.10
105585,367,62,-935,-2030,3150,2450,-49,-903,417,1001.25,39.10
105616,374,86,-904,2660,10010,4690,-42,-915,426,1001.25,39.10
105625,367,82,-939,-490,5740,3920,-42,-919,426,1001.25,39.10
105656,359,78,-923,-2380,1750,1960,-51,-911,434,1001.26,39.10
105665,367,66,-919,-1400,2520,1470,-44,-916,444,1001.26,39.10
105696,371,78,-919,-1400,1260,490,-53,-926,442,1001.19,39.10
105705,374,66,-923,-1330,1330,490,-48,-934,442,1001.19,39.10
105736,367,70,-908,-1260,1540,420,-56,-944,456,1001.07,39.10
105745,374,78,-923,-1120,2310,420,-46,-933,460,1001.07,39.10
105776,367,74,-919,-1190,1470,490,-52,-938,452,1001.18,39.10
105785,371,74,-919,-1400,1330,280,-42,-941,450,1001.18,39.10
105816,382,74,-923,-1330,1750,280,-52,-942,452,1001.11,39.10
105825,359,74,-923,-1330,3220,490,-50,-940,445,1001.11,39.10
105856,367,70,-923,-910,1960,490,-52,-941,457,1001.15,39.10
105865,371,74,-892,-1820,910,210,-49,-944,450,1001.15,39.10
105896,374,66,-904,-1750,3220,560,-49,-959,445,1001.20,39.10
105905,374,66,-904,-2310,1820,490,-50,-952,446,1001.20,39.10
105936,371,82,-912,-2800,2310,1680,-61,-949,445,1001.17,39.10
105945,371,82,-912,-4200,70,2030,-58,-956,439,1001.17,39.10
105976,371,70,-919,-2240,1610,1190,-72,-960,420,1001.19,39.10
105985,367,70,-912,-2450,840,910,-68,-967,420,1001.19,39.10
106016,374,78,-912,-1470,1680,490,-101,-981,404,1001.20,39.10
106025,374,78,-927,-1540,1190,280,-101,-1000,400,1001.20,39.10
106056,374,66,-931,-1400,1470,280,-110,-1027,390,1001.25,39.10
106065,374,74,-927,630,4130,840,-111,-1042,395,1001.25,39.10
106096,386,78,-912,1190,7420,1890,-145,-1086,377,1001.15,39.10
106105,359,74,-943,-2310,-70,560,-153,-1105,378,1001.15,39.10
106136,386,90,-931,-1750,1680,490,-201,-1234,392,1001.08,39.10
106145,390,74,-916,-1960,3430,770,-223,-1290,398,1001.08,39.10
106176,382,78,-916,-2730,1330,1260,-333,-1644,504,1001.27,39.10
106185,374,70,-923,-4060,-140,1470,-382,-1812,562,1001.27,39.10
106216,378,78,-927,-1820,1680,1050,-568,-2525,906,1001.21,39.10
106225,374,62,-919,-2870,280,700,-669,-2907,1123,1001.21,39.10
106256,382,74,-923,-1540,1050,350,-1189,-4709,2464,1001.22,39.10
106265,386,78,-916,-1680,910,350,-1474,-5496,3302,1001.22,39.10
106296,382,78,-912,-1470,1120,280,-3016,-8449,8439,1001.22,39.10
106305,378,70,-908,-1470,1190,350,-3933,-9418,11904,1001.11,39.10
106336,374,78,-919,-1610,1120,280,-8733,-5996,24573,1001.11,39.10
106345,386,74,-916,-1540,1330,280,-10533,-1914,25953,1001.20,39.10
106376,382,82,-912,-1330,1470,280,-13518,9210,21410,1001.20,39.10
106385,374,82,-912,-1540,1260,210,-14104,11528,19880,1001.11,39.10
106416,371,86,-923,-1470,3010,490,-19381,17335,23804,1001.11,39.10
106425,390,78,-931,-2310,4060,910,-24205,19638,1448,1001.12,39.10
106456,386,70,-923,-1750,910,140,-37938,-2862,-10235,1001.12,39.10
106465,390,82,-916,-1960,700,210,-27390,-4867,-8649,1001.19,39.10
106496,386,82,-916,-1680,840,280,-4367,-1884,-2303,1001.19,39.10
106505,386,82,-916,-1190,1400,420,-2586,-1244,-1645,1001.12,39.10
106536,378,78,-912,-980,1540,350,-850,-596,-855,1001.12,39.10
106545,374,82,-912,-1330,1330,280,-669,-545,-755,1001.10,39.10
106576,382,78,-904,-1540,1120,210,-432,-476,-610,1001.10,39.10
106585,382,70,-919,-1470,980,280,-389,-460,-568,1001.22,39.10
106616,378,74,-861,-980,1890,280,-293,-437,-514,1001.22,39.10
106625,367,90,-896,-910,3220,350,-266,-444,-495,1001.22,39.10
106656,390,66,-923,-2450,630,420,-222,-431,-464,1001.22,39.10
106665,390,66,-923,0,3640,560,-208,-431,-450,1001.16,39.10
106696,394,86,-931,-770,2380,420,-204,-414,-442,1001.16,39.10
106705,394,86,-931,-1330,1540,350,-189,-414,-435,1001.11,39.10
106736,386,82,-939,-2310,1750,630,-177,-403,-424,1001.11,39.10
106745,386,74,-904,-1330,840,420,-175,-423,-435,1001.12,39.10
106776,413,82,-896,-2170,3570,1890,-171,-409,-428,1001.12,39.10
106785,406,78,-900,-4480,420,3080,-170,-410,-422,1001.19,39.10
106816,371,70,-939,-4060,420,1890,-127,-1019,401,1001.19,39.10
106825,378,70,-912,-560,3010,1190,-132,-1019,406,1001.06,39.10
106856,398,78,-916,-420,3850,1190,-128,-1027,414,1001.06,39.10
106865,398,74,-904,-280,3640,980,-138,-1022,404,1001.09,39.10
106896,378,74,-916,-1680,1890,700,-145,-1026,425,1001.09,39.10
106905,386,82,-904,-1610,1540,700,-143,-1026,420,1001.22,39.10
106936,390,78,-900,-1610,1610,700,-131,-1027,428,1001.22,39.10
106945,394,86,-900,-1750,1330,630,-142,-1035,433,1001.17,39.10
106976,386,82,-912,-2100,1540,630,-132,-1036,420,1001.17,39.10
106985,406,82,-943,-3920,-70,0,-128,-1035,439,1001.20,39.10
107016,386,86,-869,1820,5180,1820,-125,-1040,437,1001.20,39.10
107025,382,66,-900,-910,1610,700,-127,-1034,435,1001.07,39.10
107056,386,78,-916,-1960,700,490,-124,-1036,428,1001.07,39.10
107065,378,82,-900,-560,2030,700,-118,-1042,445,1001.24,39.10
107096,394,70,-923,-2660,-140,140,-118,-1041,436,1001.24,39.10
107105,402,86,-916,-1680,980,280,-110,-1030,441,1001.26,39.10
107136,398,82,-923,-1260,1540,280,-114,-1034,439,1001.26,39.10
107145,390,86,-923,-1960,770,140,-106,-1044,449,1001.16,39.10
107176,386,74,-919,-1750,840,210,-107,-1045,447,1001.16,39.10
107185,398,86,-908,-1680,1050,210,-106,-1040,449,1001.19,39.10
107216,390,78,-904,-1610,1120,280,-103,-1036,448,1001.19,39.10
107225,390,74,-904,-1610,1120,210,-107,-1040,445,1001.10,39.10
107256,20,8,-919,0,4270,-1540,-110,-1041,445,1001.10,39.10
107265,562,472,-526,29400,52290,-46690,-118,-1037,441,1001.30,39.10
107296,441,-182,-1060,-49420,-47040,-1260,-99,-1013,473,1001.30,39.10
107305,811,-467,-806,-14490,14420,34020,-102,-1026,458,1001.22,39.10
107336,43,-202,-1403,-40880,-39130,25620,-83,-1015,475,1001.22,39.10
107345,293,-155,-1001,-81410,-146930,-67200,-73,-1003,477,1001.15,39.10
107376,632,66,-693,44730,-8190,-110250,-95,-1009,484,1001.15,39.10
107385,382,0,-1189,14420,-40740,-89390,-98,-1001,474,1001.07,39.10
107416,378,0,-756,-20230,-157220,-60060,-89,-995,499,1001.07,39.10
107425,140,8,-756,-16240,-169540,-56770,-69,-991,501,1001.04,39.10
107456,164,16,-877,-14000,-77560,-45010,-50,-979,508,1001.04,39.10
107465,164,16,-877,-7420,-60200,-27790,-53,-979,522,1001.09,39.10
107496,55,-3,-880,-67620,-120120,-50540,-38,-965,526,1001.09,39.10
107505,351,-3,-912,-114240,-178570,-63140,-19,-958,542,1001.17,39.10
107536,-537,-245,-1707,-200340,-284970,27860,83,-890,597,1001.17,39.10
107545,-799,-561,-1696,-129150,-225960,22540,110,-877,598,1001.17,39.10
107576,-194,-143,-1247,-42840,-156590,-55440,152,-883,606,1001.12,39.10
107585,-284,-202,-1091,-47040,-181370,-49630,177,-869,606,1001.12,39.10
107616,-311,-221,-1013,-29750,-159320,-71890,227,-860,594,1001.13,39.10
107625,-432,-253,-912,-19250,-160860,-71680,236,-858,595,1001.13,39.10
107656,-459,-97,-709,19390,-86940,-61530,274,-868,579,1001.19,39.10
107665,-416,-69,-666,17430,-70630,-50610,281,-874,577,1001.19,39.10
107696,-428,-217,-908,-20230,-90510,-58520,294,-881,565,1001.10,39.10
107705,-405,-210,-869,-34300,-116690,-69300,305,-883,562,1001.10,39.10
107736,-588,-155,-947,-84210,-153020,-95900,342,-864,546,1001.18,39.10
107745,-584,-186,-912,-90580,-152810,-95550,353,-855,539,1001.18,39.10
107776,-799,-295,-943,-133910,-199220,-87990,416,-842,523,1001.13,39.10
107785,-756,-284,-884,-129780,-198310,-97720,428,-831,530,1001.13,39.10
107816,-514,-143,-545,-104510,-220500,-141820,453,-831,471,1001.09,39.10
107825,-487,-132,-354,-105700,-229810,-140420,479,-809,469,1001.09,39.10
107856,-670,-272,-272,-145950,-222390,-72940,517,-810,429,1001.24,39.10
107865,-818,-315,-276,-139860,-185010,-44520,536,-809,420,1001.24,39.10
107896,-900,-206,-498,-114730,-123270,-44730,561,-793,413,1001.17,39.10
107905,-923,-167,-444,-99820,-123200,-49140,564,-782,397,1001.17,39.10
107936,-674,-93,-34,-98000,-159880,-58660,590,-774,370,1001.20,39.10
107945,-689,-65,43,-113190,-179900,-49140,600,-776,352,1001.20,39.10
107976,-752,27,-38,-144900,-172900,-2730,630,-749,324,1001.27,39.10
107985,-822,23,-15,-146440,-178220,12530,653,-748,309,1001.27,39.10
108016,-1064,-155,62,-148610,-197190,42980,688,-709,274,1001.13,39.10
108025,-1060,-171,129,-139160,-194110,41440,698,-696,263,1001.13,39.10
108056,-884,-30,113,-105490,-138600,23870,724,-687,211,1001.14,39.10
108065,-958,-120,183,-102760,-140000,32060,738,-679,186,1001.14,39.10
108096,-1189,-245,312,-71330,-123270,60060,765,-662,138,1001.27,39.10
108105,-1173,-221,468,-40040,-87430,54040,765,-657,126,1001.27,39.10
108136,-1181,-397,347,-9100,-8960,22820,764,-647,130,1001.17,39.10
108145,-1181,-397,347,15680,19250,22190,762,-655,122,1001.17,39.10
108176,-1231,-498,359,118090,191660,-13580,755,-675,184,1001.12,39.10
108185,-1231,-498,359,137900,255010,-31710,733,-690,215,1001.12,39.10
108216,-931,-303,-42,176820,341600,-27160,657,-735,307,1001.21,39.00
108225,-1134,-377,-210,185360,354270,1120,643,-753,340,1001.21,39.00
108256,-1317,-584,-276,191170,368900,-6440,554,-789,401,1001.15,39.00
108265,-1259,-506,-334,192500,381710,-34930,513,-811,433,1001.15,39.00
108296,-635,-139,-576,217350,432460,-45220,377,-860,477,1001.14,39.00
108305,-475,-42,-607,224630,447510,-14000,332,-894,489,1001.14,39.00
108336,-545,12,-822,162890,350210,45780,215,-907,485,1001.15,39.00
108345,-643,-54,-869,142800,330260,52220,197,-915,482,1001.15,39.00
108376,-350,-73,-1130,93380,178220,-32340,116,-929,470,1001.17,39.00
108385,-370,-46,-1126,108430,155610,-28560,109,-932,470,1001.17,39.00
108416,-319,-38,-1216,202650,153650,-23800,65,-953,432,1001.15,39.00
108425,-276,-73,-1270,241150,150360,-22890,54,-955,417,1001.15,39.00
108456,-377,-104,-787,398580,181650,-70,9,-1014,331,1001.13,39.00
108465,-366,-7,-643,440510,226450,5740,-4,-1039,296,1001.13,39.00
108496,-89,265,-744,465150,295050,30590,-40,-1097,158,1001.18,39.00
108505,12,308,-705,454370,280770,44240,-45,-1119,116,1001.18,39.00
108536,39,601,-580,433580,215670,99890,-28,-1138,-32,1001.17,39.00
108545,4,733,-295,456470,220850,122920,-12,-1151,-86,1001.17,39.00
108576,98,753,-217,449890,305760,194110,55,-1133,-237,1001.19,39.00
108585,20,753,-42,414400,270340,208530,94,-1122,-272,1001.19,39.00
108616,-30,640,-284,273910,90160,252630,201,-1090,-362,1001.10,39.00
108625,-65,749,-120,270270,58730,259980,224,-1061,-379,1001.10,39.00
108656,-280,542,101,252630,-2590,272440,304,-998,-451,1001.22,39.00
108665,-420,398,117,223020,-50680,264600,329,-974,-478,1001.22,39.00
108696,-689,433,339,187810,-96670,196350,371,-911,-553,1001.07,39.00
108705,-724,417,406,190820,-69370,175280,378,-893,-564,1001.07,39.00
108736,-693,538,593,166950,-84560,122640,376,-826,-621,1001.13,38.90
108745,-760,573,831,166740,-84210,111580,385,-805,-633,1001.13,38.90
108776,-693,523,628,110810,-80080,65450,357,-757,-683,1001.17,38.90
108785,-697,538,636,96040,-85680,45850,364,-750,-692,1001.17,38.90
108816,-584,671,706,69440,-52780,21210,343,-734,-707,1001.14,38.90
108825,-615,601,694,58800,-38710,25060,354,-726,-731,1001.14,38.90
108856,-709,569,776,33530,-32760,28000,340,-702,-750,1001.03,38.90
108865,-717,566,803,22330,-40110,21420,336,-712,-747,1001.03,38.90
108896,-666,690,839,-24220,-41790,-3220,320,-710,-751,1001.14,38.90
108905,-666,690,839,-42420,-39130,-12320,302,-706,-754,1001.14,38.90
108936,-763,698,862,-102690,15330,-28700,318,-739,-737,1001.09,38.90
108945,-763,698,862,-125090,27020,-40600,307,-750,-729,1001.09,38.90
108976,-795,628,788,-166390,97370,-77350,323,-808,-687,1001.19,38.90
108985,-619,651,683,-174300,117460,-92400,323,-823,-674,1001.19,38.90
109016,-584,527,507,-250810,72170,-113330,331,-886,-608,1001.19,38.90
109025,-541,585,460,-282870,41860,-122780,302,-935,-576,1001.19,38.90
109056,-358,534,-46,-345100,20580,-130480,279,-1011,-490,1001.20,39.00
109065,-249,558,-256,-328020,19810,-124250,272,-1020,-464,1001.20,39.00
109096,-194,761,-58,-240240,34300,-65730,242,-1084,-386,1001.22,38.90
109105,-284,764,-7,-239890,44730,-47880,237,-1089,-358,1001.22,38.90
109136,-206,831,-280,-247940,46270,-53550,226,-1114,-285,1001.20,38.90
109145,-221,874,-253,-235130,59780,-52010,220,-1126,-250,1001.20,38.90
109176,-225,897,-490,-219030,72030,-51030,205,-1132,-174,1001.12,38.90
109185,-214,889,-444,-210840,59150,-51310,205,-1155,-152,1001.12,38.90
109216,-182,823,-549,-191170,46340,-35770,200,-1138,-90,1001.12,38.90
109225,-221,792,-588,-183540,44450,-29050,200,-1140,-71,1001.12,38.90
109256,-217,749,-697,-153020,45640,-10500,187,-1131,-30,1001.15,38.90
109265,-202,722,-717,-141680,47110,-6160,187,-1139,-3,1001.15,38.90
109296,-159,554,-748,-136500,35700,-15960,186,-1124,23,1001.15,38.90
109305,-147,445,-799,-144620,22260,-21000,191,-1117,40,1001.15,38.90
109336,-350,542,-600,-131320,39410,-37240,174,-1109,77,1001.19,38.90
109345,-256,729,-572,-129430,60130,-47880,171,-1105,76,1001.19,38.90
109376,390,776,-1177,-153020,85260,-29680,158,-1082,121,1001.19,38.90
109385,308,601,-1181,-141260,60270,-420,169,-1070,137,1001.19,38.90
109416,-3,222,-1052,-97020,-15120,35420,162,-1067,147,1001.16,38.90
109425,-34,273,-1025,-79870,-13230,30520,177,-1061,154,1001.16,38.90
109456,-19,413,-978,-24360,16870,21700,172,-1054,158,1001.17,38.90
109465,-30,488,-970,-17430,6720,21980,177,-1050,159,1001.17,38.90
109496,20,378,-1072,-9520,-17990,31500,179,-1056,159,1001.28,38.80
109505,-186,187,-1103,-5250,-38570,38780,191,-1043,162,1001.28,38.80
109536,-186,312,-919,25410,-32060,15680,198,-1045,167,1001.11,38.80
109545,-194,398,-845,34930,-13580,14350,195,-1048,162,1001.11,38.80
109576,-132,628,-857,49140,30030,22890,206,-1051,154,1001.17,38.80
109585,-124,605,-853,52080,36120,26810,202,-1055,154,1001.17,38.80
109616,-132,398,-787,52500,9310,26320,202,-1060,141,1001.19,38.80
109625,-311,293,-763,49280,-8750,19390,204,-1059,137,1001.19,38.80
109656,-338,460,-689,28280,-14280,-27650,207,-1069,128,1001.16,38.80
109665,-338,460,-689,27650,6300,-36120,197,-1083,119,1001.16,38.80
109696,-26,800,-783,17500,19810,-24360,192,-1092,123,1001.35,38.80
109705,-26,800,-783,9030,28000,-18620,179,-1078,122,1001.35,38.80
109736,-11,605,-865,-350,20020,2660,179,-1089,121,1001.36,38.80
109745,-61,538,-818,-2310,13510,5180,193,-1076,113,1001.36,38.80
109776,-73,527,-841,13440,26530,-4060,176,-1085,125,1001.30,38.80
109785,-69,554,-806,20230,28910,-2170,179,-1089,117,1001.30,38.80
109816,-26,667,-818,13510,12810,840,178,-1095,115,1001.19,38.80
109825,-26,636,-822,10640,2240,5110,179,-1095,129,1001.19,38.80
109856,-100,511,-896,20300,-7280,7070,186,-1081,122,1001.20,38.80
109865,-58,515,-888,28910,-6160,3080,190,-1086,98,1001.20,38.80
109896,8,554,-966,51310,-22050,10780,182,-1095,91,1001.18,38.80
109905,-3,589,-955,62860,-29400,14840,189,-1102,99,1001.18,38.80
109936,94,698,-962,97580,-54670,38220,199,-1103,55,1001.25,38.70
109945,183,753,-1017,107800,-72520,51450,208,-1110,54,1001.25,38.70
109976,-124,538,-931,165830,-137200,100520,236,-1114,-4,1001.20,38.70
109985,-307,398,-958,193340,-134540,100100,244,-1111,-30,1001.20,38.70
110016,-233,593,-475,325780,-111790,47880,272,-1105,-132,1001.24,38.70
110025,-327,663,-206,332920,-88550,55300,278,-1098,-157,1001.24,38.70
110056,-264,831,-319,226800,-69580,64820,293,-1088,-237,1001.23,38.70
110065,-272,909,-299,198520,-84070,64260,291,-1097,-265,1001.23,38.70
110096,-221,788,-479,209370,-81760,79380,318,-1058,-339,1001.15,38.70
110105,-338,616,-381,242200,-89110,91700,319,-1040,-366,1001.15,38.70
110136,-510,815,406,277060,-93380,93800,340,-982,-463,1001.19,38.70
110145,-541,788,328,250810,-75810,96810,347,-984,-485,1001.19,38.70
110176,-506,788,363,177590,-81620,85890,349,-931,-544,1001.25,38.70
110185,-463,597,59,150500,-87010,84700,355,-920,-563,1001.25,38.70
110216,-549,527,308,196140,-71120,91210,362,-872,-607,1001.12,38.70
110225,-498,499,215,199990,-62580,92330,368,-840,-638,1001.12,38.70
110256,-662,445,686,191030,-95830,100730,359,-781,-683,1001.14,38.70
110265,-752,425,753,177240,-84560,100030,350,-767,-695,1001.14,38.70
110296,-615,491,495,133420,-30660,69440,362,-704,-738,1001.19,38.70
110305,-701,511,628,141050,-7770,65380,363,-693,-750,1001.19,38.70
110336,-670,515,741,171080,91770,67480,394,-634,-747,1001.17,38.70
110345,-818,425,722,159950,87710,72450,406,-605,-757,1001.17,38.70
110376,-744,488,725,120260,70070,53480,444,-550,-749,1001.10,38.70
110385,-810,468,737,107590,68880,55160,454,-537,-754,1001.10,38.70
110416,-958,335,764,56420,66710,59360,464,-495,-740,1001.14,38.70
110425,-958,335,764,33740,65940,55230,484,-504,-744,1001.14,38.70
110456,-1087,296,913,-51520,93100,18620,498,-509,-708,1001.21,38.70
110465,-1087,296,913,-87570,101360,910,512,-511,-698,1001.21,38.70
110496,-1153,238,749,-226800,118650,-58380,542,-589,-649,1001.18,38.70
110505,-1267,133,702,-263410,121660,-81760,549,-622,-622,1001.18,38.70
110536,-1306,-58,425,-346220,155680,-179900,552,-731,-541,1001.14,38.70
110545,-1192,-54,285,-355600,152950,-219870,551,-788,-505,1001.14,38.70
110576,-533,222,-69,-344960,172200,-292950,509,-911,-381,1001.20,38.60
110585,-416,320,-202,-332990,168770,-294980,508,-949,-340,1001.20,38.60
110616,-171,542,-373,-277410,167230,-273140,435,-1027,-228,1001.15,38.60
110625,-206,562,-463,-262570,148050,-254240,409,-1048,-202,1001.15,38.60
110656,-167,714,-510,-207620,66570,-189560,347,-1093,-114,1001.22,38.60
110665,-163,784,-467,-191100,49070,-169820,325,-1098,-99,1001.22,38.60
110696,-108,842,-483,-163660,34300,-121590,275,-1115,-56,1001.13,38.60
110705,-171,722,-541,-161490,21000,-108640,265,-1123,-25,1001.13,38.60
110736,-38,1268,-1118,-140490,6650,-78960,233,-1120,16,1001.13,38.60
110745,538,1061,23,-100800,73150,-34160,229,-1117,31,1001.13,38.60
110776,-132,683,-709,-159530,70210,14000,241,-1103,88,1001.24,38.60
110785,-221,683,-280,-148260,23030,-6020,239,-1104,101,1001.24,38.60
110816,-338,382,-541,-165760,65730,-44800,225,-1076,157,1001.15,38.50
110825,-529,538,-568,-178150,21490,-80920,197,-1090,168,1001.15,38.50
110856,-120,534,-576,-183820,118860,-113540,162,-1070,223,1001.22,38.50
110865,-116,312,-510,-185360,79730,-136010,135,-1071,234,1001.22,38.50
110896,-225,-73,-763,-158620,151830,-132790,72,-1033,274,1001.20,38.50
110905,-264,-186,-791,-133560,193060,-140140,40,-1034,283,1001.20,38.50
110936,472,31,-799,-56280,286650,-216020,-54,-1030,274,1001.22,38.50
110945,386,-15,-689,-48230,279510,-216720,-108,-1020,265,1001.22,38.50
110976,690,-3,-845,-66990,222600,-240940,-190,-1004,226,1001.22,38.40
110985,956,39,-978,-63980,213360,-237090,-217,-994,220,1001.22,38.40
111016,1201,121,-943,-37520,153300,-164570,-300,-988,167,1001.24,38.40
111025,1139,125,-966,-39410,121730,-140350,-311,-967,169,1001.24,38.40
111056,866,121,-947,-38500,41720,-87850,-339,-958,164,1001.23,38.40
111065,991,113,-1052,-35630,22890,-82530,-332,-951,164,1001.23,38.40
111096,1045,-58,-1150,8260,-42630,-17570,-352,-957,161,1001.12,38.40
111105,1131,-69,-1196,29190,-66500,3290,-353,-955,153,1001.12,38.40
111136,1314,140,-1333,125930,-146790,92470,-338,-973,172,1001.29,38.40
111145,1244,152,-1235,170590,-176400,140490,-308,-983,170,1001.29,38.40
111176,488,-167,-880,240170,-257530,280770,-217,-1037,185,1001.15,38.40
111185,488,-167,-880,238770,-300790,268030,-167,-1049,184,1001.15,38.40
111216,-3,281,-728,196490,-410690,135660,-65,-1088,187,1001.09,38.40
111225,-3,281,-728,209720,-366450,94990,-28,-1102,174,1001.09,38.40
111256,-147,117,-795,211610,-157850,31500,13,-1121,133,1001.16,38.40
111265,-198,66,-877,214550,-133000,8540,16,-1123,103,1001.16,38.40
111296,-233,437,-303,225120,-73780,-23240,21,-1143,46,1001.17,38.40
111305,-147,554,-311,219730,-35070,-25620,22,-1163,37,1001.17,38.40
111336,137,542,-1095,183190,-45220,-25900,25,-1170,-16,1001.13,38.50
111345,293,554,-1068,225960,-76160,-16940,24,-1176,-58,1001.13,38.50
111376,-93,772,-171,369670,25550,63840,43,-1175,-178,1001.15,38.50
111385,-93,842,35,375900,48510,78610,51,-1166,-233,1001.15,38.50
111416,-26,932,-69,274120,-25760,64750,97,-1154,-332,1001.17,38.50
111425,-100,928,27,263550,-51100,69230,106,-1144,-361,1001.17,38.50
111456,-451,905,296,340900,42210,99260,157,-1093,-462,1001.18,38.50
111465,-373,1018,593,349580,62440,102130,173,-1073,-512,1001.18,38.50
111496,-327,1057,640,237930,39550,73080,201,-1019,-589,1001.18,38.50
111505,-260,1053,554,200480,25970,67130,205,-1004,-604,1001.18,38.50
111536,-424,846,601,201040,108290,92750,270,-927,-652,1001.12,38.50
111545,-338,800,495,189560,121520,96460,283,-911,-661,1001.12,38.50
111576,-490,647,351,171920,40530,128800,332,-856,-695,1001.19,38.50
111585,-670,620,507,178710,45850,128870,351,-836,-711,1001.19,38.50
111616,-604,749,515,133420,91490,79030,382,-777,-716,1001.28,38.50
111625,-494,753,519,130130,116270,73220,403,-757,-718,1001.28,38.50
111656,-756,636,675,107590,108220,82110,459,-709,-718,1001.13,38.50
111665,-760,675,722,94430,104650,77420,462,-702,-719,1001.13,38.50
111696,-810,698,737,48720,117880,70420,515,-660,-678,1001.12,38.50
111705,-853,620,714,21910,110600,62020,525,-653,-684,1001.12,38.50
111736,-1196,343,706,-83720,66850,840,539,-672,-643,1001.16,38.50
111745,-1165,378,636,-120260,61530,-34790,542,-682,-634,1001.16,38.50
111776,-736,449,374,-199570,64050,-120540,534,-750,-591,1001.17,38.50
111785,-775,538,289,-228480,38780,-131320,533,-780,-556,1001.17,38.50
111816,-682,573,4,-251020,3850,-140700,505,-857,-519,1001.20,38.50
111825,-658,612,-22,-241570,-3570,-143640,480,-888,-488,1001.20,38.50
111856,-685,659,-54,-186340,-2100,-138880,439,-949,-451,1001.14,38.50
111865,-623,659,-61,-166390,1120,-137970,428,-969,-422,1001.14,38.50
111896,-541,706,-54,-129220,17430,-145740,400,-1014,-396,1001.22,38.50
111905,-584,718,-139,-139370,3080,-157640,376,-1025,-378,1001.22,38.50
111936,-416,807,-112,-155890,-18900,-201530,305,-1080,-331,1001.22,38.50
111945,-416,807,-112,-163520,-20930,-203910,274,-1104,-319,1001.13,38.50
111976,-198,800,-182,-165060,-9380,-185850,212,-1132,-274,1001.13,38.50
111985,-198,800,-182,-173740,-9730,-187110,197,-1148,-247,1001.21,38.50
112016,-631,300,-607,-176260,2450,-195930,114,-1171,-186,1001.21,38.50
112025,70,702,-580,-143360,24640,-209510,89,-1172,-174,1001.16,38.40
112056,207,714,-611,-76230,-50050,-167510,18,-1177,-148,1001.16,38.40
112065,121,698,-588,-68880,-72170,-150150,-2,-1171,-135,1001.16,38.40
112096,16,757,-358,-29680,-25060,-185500,-58,-1176,-115,1001.16,38.40
112105,117,815,-245,-44100,-15120,-204890,-88,-1170,-120,1001.13,38.40
112136,456,991,-350,-77140,15400,-192990,-174,-1149,-90,1001.13,38.40
112145,417,975,-342,-90160,15120,-177800,-188,-1151,-80,1001.17,38.40
112176,316,644,-393,-143080,38780,-183330,-258,-1126,-43,1001.17,38.40
112185,371,511,-526,-159040,39620,-194810,-272,-1129,-32,1001.10,38.40
112216,464,507,-490,-166880,25900,-210070,-345,-1069,14,1001.10,38.40
112225,554,480,-596,-169190,32550,-208320,-366,-1051,29,1001.10,38.40
112256,647,402,-654,-166250,25200,-195790,-422,-991,67,1001.10,38.40
112265,757,437,-627,-164990,22260,-189560,-422,-975,70,1001.16,38.40
112296,889,406,-818,-159670,-23730,-127470,-480,-926,113,1001.16,38.40
112305,905,347,-869,-148820,-35840,-107590,-479,-911,120,1001.15,38.40
112336,554,51,-841,-96180,-8750,-53060,-497,-877,156,1001.15,38.40
112345,491,-26,-841,-74410,13440,-56490,-496,-865,152,1001.19,38.40
112376,932,390,-721,-18970,24640,-90300,-527,-835,147,1001.19,38.40
112385,1034,367,-791,-18900,12390,-74900,-527,-834,143,1001.02,38.40
112416,597,74,-779,-29610,-38290,-26460,-530,-810,159,1001.02,38.40
112425,605,70,-775,-27930,-40600,-31150,-530,-810,162,1001.12,38.40
112456,577,156,-728,-30450,-33320,-45640,-533,-803,157,1001.12,38.40
112465,573,148,-697,-37870,-43120,-51450,-533,-803,161,1001.36,38.40
112496,647,125,-818,-55510,-53970,-56770,-539,-767,182,1001.36,38.40
112505,593,62,-877,-55790,-51380,-50260,-539,-767,182,1001.14,38.40
112536,523,74,-795,-37100,-17290,-32830,-548,-712,158,1001.14,38.40
112545,464,78,-713,-36960,-10430,-27370,-548,-712,158,1001.24,38.40
112576,464,43,-787,-61250,1120,-34370,-571,-672,76,1001.24,38.40
112585,569,86,-865,-66710,8400,-41230,-571,-672,76,1001.19,38.40
112616,725,78,-962,-68530,22330,-21840,-630,-674,-130,1001.19,38.40
112625,714,-7,-982,-67620,23240,-9940,-630,-674,-130,1001.13,38.40
112656,573,-202,-919,-56700,7980,1680,-829,-901,-403,1001.13,38.40
112665,511,-132,-834,-51730,10360,-3220,-829,-901,-403,1001.22,38.40
112696,675,-89,-799,-45570,42980,-2660,-1395,-1497,-519,1001.22,38.40
112705,675,-89,-799,-44380,42000,7420,-1395,-1497,-519,1001.23,38.40
112736,523,-280,-814,-31360,5600,32060,-2999,-3011,288,1001.23,38.40
112745,523,-280,-814,-17360,8750,26530,-2999,-3011,288,1001.17,38.40
112776,647,-93,-717,6510,23310,31290,-5992,-6309,6340,1001.17,38.40
112785,608,-77,-693,-910,20580,30170,-5992,-6309,6340,1001.22,38.50
112816,608,-46,-787,-23730,13370,11900,-4863,-3319,16582,1001.22,38.50
112825,628,-73,-822,-19110,18620,11900,-4863,-3319,16582,1001.23,38.50
112856,651,-112,-736,-7350,24150,10780,-3543,6179,22234,1001.23,38.50
112865,628,-143,-732,-9030,16940,9030,-3543,6179,22234,1001.19,38.50
112896,698,-139,-834,-9870,6510,-420,-14813,16892,28828,1001.19,38.50
112905,718,-93,-818,-2450,7280,-840,-14813,16892,28828,1001.16,38.50
112936,640,-46,-791,17010,-2170,11340,-50374,-1424,-23093,1001.16,38.50
112945,550,-93,-756,25200,-13090,13650,-50374,-1424,-23093,1001.30,38.50
112976,655,-81,-767,16660,-5600,5180,-39750,-917,-20622,1001.30,38.50
112985,651,-100,-775,14980,-7350,4270,-39750,-917,-20622,1001.23,38.50
113016,784,-38,-767,7000,630,-420,-46989,-1148,-22823,1001.23,38.50
113025,714,-93,-756,3640,-560,6930,-46989,-1148,-22823,1001.12,38.50
113056,624,-65,-713,-1750,5740,-1960,-45187,-1689,-13909,1001.12,38.50
113065,593,-81,-721,-4270,9100,-2520,-45187,-1689,-13909,1001.29,38.50
113096,733,-38,-791,-9520,8960,-7560,-4460,-461,-783,1001.29,38.50
113105,686,-81,-775,-8680,4130,-3220,-4460,-461,-783,1001.24,38.50
113136,647,-89,-717,700,7490,-2870,1850,-59,-404,1001.24,38.50
113145,628,-108,-724,1470,9940,-3080,1850,-59,-404,1001.27,38.50
113176,679,-42,-740,-420,6440,-8190,1153,-93,-385,1001.27,38.50
113185,702,-42,-767,-770,5110,-6440,1153,-93,-385,1001.16,38.50
113216,647,-108,-744,4550,6300,-2240,70,20370,-2396,1001.16,38.50
113225,647,-97,-709,6020,8120,-3500,70,20370,-2396,1001.16,38.50
113256,663,-73,-748,1680,6510,-5880,411,-409,-975,1001.03,38.50
113265,702,-42,-744,2380,8190,-7700,411,-409,-975,1001.03,38.50
113296,659,-73,-721,2450,7350,-4060,-8776,-379,-2364,1001.20,38.50
113305,616,-93,-721,1400,2940,-4830,-8776,-379,-2364,1001.20,38.50
113336,647,-85,-713,-6160,-8190,-9870,581,352,-2708,1001.10,38.50
113345,651,-73,-756,-11480,-13650,-10640,581,352,-2708,1001.10,38.50
113376,679,-97,-791,-8330,-12320,-1470,-1061,297,-2717,1001.15,38.50
113385,597,-108,-740,-5110,-12740,2590,-1061,297,-2717,1001.15,38.50
113416,593,-108,-682,-3710,-7490,-4410,-10008,-631,-4858,1001.14,38.50
113425,597,-108,-717,-6230,-5110,-7420,-10008,-631,-4858,1001.14,38.50
113456,706,-100,-791,-5880,-1120,-7000,-257,-339,-802,1001.14,38.50
113465,706,-100,-791,-1680,-350,-2590,-257,-339,-802,1001.14,38.50
113496,647,-89,-728,8190,4690,-2800,-397,-168,-457,1001.16,38.50
113505,647,-89,-728,5460,3710,-4340,-397,-168,-457,1001.16,38.50
113536,640,-108,-736,70,-1260,-3500,-425,-138,-435,1001.25,38.50
113545,663,-112,-740,70,210,-4760,-425,-138,-435,1001.25,38.50
113576,644,-112,-740,1820,4620,-4130,-454,-134,-541,1001.26,38.50
113585,647,-97,-736,1820,7420,-5460,-454,-134,-541,1001.26,38.50
113616,608,-116,-717,-140,5250,-3150,46,-617,-828,1001.16,38.50
113625,663,-97,-740,-140,4760,-6440,46,-617,-828,1001.16,38.50
113656,624,-139,-721,-2660,-1540,-10430,-172,216,-4180,1001.10,38.50
113665,558,-175,-748,-2660,-3710,-13090,-172,216,-4180,1001.10,38.50
113696,647,-89,-748,-10360,-6860,-34790,-460,-90,-825,1001.14,38.50
113705,866,23,-799,-10360,-1260,-32480,-460,-90,-825,1001.14,38.50
113736,679,-97,-721,9870,-420,490,-425,-106,-656,1001.19,38.50
113745,581,-128,-744,9870,-1610,1610,-436,-106,-656,1001.19,38.50
113776,612,-136,-713,7280,560,420,-487,-68,-747,1001.21,38.50
113785,659,-128,-728,7280,560,-3220,-509,-43,-748,1001.21,38.50
113816,651,-112,-744,3500,4130,-910,-4,-126,-640,1001.14,38.50
113825,647,-112,-724,3500,4130,-490,423,-347,-628,1001.14,38.50
113856,647,-120,-728,420,1470,560,91,-631,-1091,1001.37,38.50
113865,698,-93,-748,420,1470,140,-226,-428,-913,1001.37,38.50
113896,667,-132,-771,630,770,3080,-417,-165,-556,1001.25,38.50
113905,628,-143,-736,630,770,2100,-419,-169,-533,1001.25,38.50
113936,655,-93,-748,4970,5180,-2170,-431,-154,-605,1001.17,38.50
113945,620,-104,-760,4970,5180,-420,-444,-170,-708,1001.17,38.50
113976,663,-143,-791,3990,4690,-4970,192,-510,-21,1001.22,38.50
113985,651,-159,-849,3990,4690,-4970,1268,-847,594,1001.22,38.50
114016,667,-77,-783,1330,140,-21490,-22674,-498,-6722,1001.19,38.50
114025,811,51,-685,1330,140,-21490,-13350,-422,-3871,1001.19,38.50
114056,624,-116,-732,3710,-5040,4760,2494,-92,-598,1001.08,38.50
114065,628,-100,-752,3710,-5040,4760,2665,-98,-550,1001.08,38.50
114096,644,-120,-767,5880,70,3360,2621,-105,-52,1001.19,38.50
114105,644,-93,-717,5880,70,3360,2455,-107,-87,1001.19,38.50
114136,644,-97,-736,4060,140,3640,619,-122,-419,1001.21,38.50
114145,667,-89,-744,4060,140,3640,-1958,-153,-791,1001.21,38.50
114176,647,-93,-627,8820,1260,6580,-8,-362,-460,1001.19,38.50
114185,636,-120,-799,8820,1260,6580,992,-839,-525,1001.19,38.50
114216,651,-93,-760,5950,280,5110,-415,-298,-951,1001.16,38.50
114225,651,-93,-760,5950,280,5110,-496,-142,-735,1001.16,38.50
114256,663,-85,-767,3010,5320,-2380,-482,-106,-565,1001.15,38.50
114265,663,-85,-767,3010,5320,-2380,-465,-112,-585,1001.15,38.50
114296,605,-104,-732,2380,7070,-4690,-423,-186,-752,1001.24,38.50
114305,589,-108,-740,2380,7070,-4690,-364,-265,-928,1001.24,38.50
114336,-990,-1774,-1988,-213710,-44660,-11200,945,-666,-878,1001.02,38.50
114345,-221,59,-994,-213710,-44660,-11200,1241,-918,-928,1001.02,38.50
114376,1989,1010,1989,335860,101850,-209440,-50,-264,-81,1001.09,38.50
114385,1677,647,90,335860,101850,-209440,-206,-270,-203,1001.09,38.50
114416,507,-65,-116,-19040,-18130,15400,-267,-230,-304,1001.17,38.50
114425,488,-143,-1017,-19040,-18130,15400,-284,-222,-297,1001.17,38.50
114456,558,-221,-1208,12670,29750,5040,-314,-183,-319,1001.18,38.50
114465,776,-65,-479,12670,29750,5040,-332,-189,-302,1001.18,38.50
114496,581,-159,-682,-17150,-7700,-2170,-15524,-1101,-6084,1001.20,38.50
114505,589,-171,-787,-17150,-7700,-2170,-16357,-1453,-4630,1001.20,38.50
114536,694,-116,-841,12320,18900,-6230,-13889,-1212,-2089,1001.18,38.50
114545,772,-3,-724,12320,18900,-6230,-12902,-1071,-1787,1001.18,38.50
114576,562,-128,-662,-12810,-9030,1960,-11707,-1083,-1073,1001.15,38.50
114585,628,-136,-849,-12810,-9030,1960,-11582,-1133,-861,1001.15,38.50
114616,608,-139,-771,1330,8260,3220,-11182,-1367,-726,1001.19,38.50
114625,675,-97,-670,1330,8260,3220,-10984,-1431,-772,1001.19,38.50
114656,686,-93,-756,-7070,1820,210,-10604,-1618,-859,1001.18,38.50
114665,608,-112,-728,-5180,1820,210,-10797,-1729,-828,1001.18,38.50
114696,671,-93,-705,-490,7280,-70,-13003,-2388,-228,1001.19,38.50
114705,667,-108,-736,-420,7280,-70,-14597,-2795,375,1001.19,38.50
114736,698,-100,-783,-3500,2170,-2940,-23799,-4035,6317,1001.11,38.40
114745,741,-100,-748,-1960,2170,-2940,-27952,-3469,8209,1001.11,38.40
114776,671,-89,-701,5180,4900,5530,-33651,9175,9811,1001.24,38.40
114785,647,-104,-736,4410,4900,5530,-28991,17102,2142,1001.24,38.40
114816,651,-108,-717,5040,9240,6930,-8462,26061,-1080,1001.23,38.40
114825,671,-108,-713,7420,9240,6930,-5070,25296,-626,1001.23,38.40
114856,659,-97,-674,2310,5950,-560,-1431,21885,-512,1001.18,38.40
114865,683,-85,-717,420,2240,-560,-1096,21464,-491,1001.18,38.40
114896,702,-77,-709,-350,3640,70,-1114,24400,-435,1001.22,38.40
114905,675,-100,-701,560,5880,70,-2022,27692,-913,1001.22,38.40
114936,706,-61,-717,560,7630,-1680,701,9221,-1570,1001.26,38.40
114945,694,-61,-709,-280,7070,-1680,850,-749,-759,1001.26,38.40
114976,683,-73,-721,-3570,2800,1890,-1140,326,-953,1001.19,38.40
114985,683,-73,-721,-3990,2870,1890,-649,279,-569,1001.19,38.40
115016,671,-77,-717,-5670,280,2240,-547,218,-1748,1001.22,38.40
115025,671,-77,-717,-6090,770,2240,-532,236,-1726,1001.22,38.40
115056,725,-65,-724,-3990,6790,3080,-515,346,-1649,1001.20,38.40
115065,710,-104,-736,-3640,8050,3920,-673,347,-1073,1001.20,38.40
115096,667,-136,-701,-4830,-560,5110,1634,-541,91,1001.18,38.40
115105,655,-143,-713,-4200,-1960,5040,793,-815,-1058,1001.18,38.40
115136,714,-112,-728,-3150,-350,-2450,1016,33107,5331,1001.31,38.40
115145,702,-104,-732,-3430,-770,-3150,645,25954,2902,1001.31,38.40
115176,702,-100,-717,-3010,-1890,-5250,240,16618,-624,1001.25,38.40
115185,729,-93,-752,-2730,-1610,-6580,212,15767,-967,1001.25,38.40
115216,694,-97,-736,1120,-630,-140,218,16213,-1490,1001.12,38.40
115225,694,-97,-713,420,-350,140,253,17381,-1506,1001.12,38.40
115256,690,-77,-689,-1050,-840,350,848,32386,1029,1001.32,38.40
115265,686,-85,-721,-2870,-1540,-350,1559,48121,2223,1001.32,38.40
115296,683,-85,-724,-3710,-2800,-350,-2501,-758,-1055,1001.20,38.40
115305,698,-69,-685,-1610,-770,-1260,-11891,-299,-724,1001.20,38.40
115336,632,-104,-752,-700,-3640,140,695,197,-912,1001.19,38.40
115345,671,-97,-705,-3710,-4690,1260,1138,139,-589,1001.19,38.40
115376,694,-97,-713,-980,350,-1890,2097,114,-406,1001.21,38.40
115385,667,-112,-744,-3080,-490,-1120,2036,124,-335,1001.21,38.40
115416,659,-116,-713,-3010,630,-1540,-306,40,955,1001.28,38.40
115425,698,-97,-748,-2170,770,-1960,-8828,-543,6071,1001.28,38.40
115456,675,-104,-717,1330,2170,1190,485,-657,-1065,1001.26,38.40
115465,694,-89,-693,2100,3290,1470,142,-585,-1026,1001.26,38.40
115496,690,-81,-713,840,3990,1330,-341,-234,-561,1001.29,38.40
115505,663,-116,-721,2730,3990,2520,-353,-211,-507,1001.29,38.40
115536,655,-116,-724,-70,770,1680,-356,-191,-494,1001.27,38.40
115545,718,-77,-744,-3080,-2100,-350,-368,-204,-524,1001.27,38.40
115576,659,-97,-721,-3920,-3920,-1120,-370,-228,-720,1001.11,38.40
115585,671,-89,-724,-2800,-1050,-2100,-348,-281,-818,1001.11,38.40
115616,683,-104,-709,-6930,-4410,-5390,-178,-375,-994,1001.29,38.40
115625,694,-104,-713,-12320,-10990,-7630,-199,-349,-923,1001.29,38.40
115656,647,-143,-724,-19390,-21700,-9170,-281,-252,-647,1001.28,38.40
115665,647,-159,-721,-22610,-27230,-11900,-309,-229,-567,1001.28,38.40
115696,601,-210,-666,-27510,-22470,-18830,-344,-192,-395,1001.14,38.40
115705,640,-178,-732,-25900,-11970,-24780,-359,-191,-367,1001.14,38.40
115736,745,-143,-841,-34930,4270,-28840,-386,-167,-330,1001.14,38.40
115745,745,-143,-841,-26950,11200,-29680,-384,-161,-316,1001.14,38.40
115776,632,-233,-775,1540,22820,-10710,7131,6674,3171,1001.19,38.40
115785,632,-233,-775,10850,20510,-7910,6635,6295,778,1001.19,38.40
115816,722,-120,-767,22610,43050,-16170,4332,4163,-3378,1001.31,38.40
115825,722,-116,-771,24360,42280,-14700,4333,3935,-3461,1001.31,38.40
115856,675,-104,-689,27720,30380,-3710,4461,3193,-3585,1001.29,38.40
115865,714,-104,-685,22820,28980,-2870,4319,2858,-3682,1001.29,38.40
115896,714,-163,-662,10500,5180,630,2345,1539,-5503,1001.12,38.40
115905,729,-194,-724,4690,2730,-560,1930,1147,-5996,1001.12,38.40
115936,741,-178,-697,14980,-910,280,744,204,-7274,1001.19,38.40
115945,749,-139,-643,17990,-1120,2800,304,-63,-7577,1001.19,38.40
115976,706,-128,-678,14910,6860,10780,-1154,-667,-7960,1001.06,38.40
115985,725,-120,-689,13720,6510,10290,-1560,-841,-7961,1001.06,38.40
116016,733,-108,-697,7770,-7140,12460,-2521,-1228,-7752,1001.22,38.40
116025,745,-104,-732,7070,-6230,14840,-2977,-1375,-7766,1001.22,38.40
116056,679,-147,-713,3220,-10570,20370,-4547,-1758,-7315,1001.15,38.40
116065,632,-163,-682,1890,-14910,21700,-5057,-1835,-6878,1001.15,38.40
116096,581,-85,-674,-770,-6790,12390,-5578,-1719,-5313,1001.17,38.40
116105,690,-15,-670,1960,9240,6300,-5324,-1651,-4947,1001.17,38.40
116136,679,-34,-701,-7770,12880,11480,-4332,-1243,-3412,1001.23,38.40
116145,694,-42,-666,-11760,5740,7770,-4568,-927,-2580,1001.23,38.40
116176,690,-85,-713,-15750,-2450,630,-4792,-1029,-1442,1001.19,38.40
116185,686,-116,-740,-12810,-3290,1890,-4893,-1255,-1362,1001.19,38.40
116216,792,-65,-763,-560,-280,1540,-5172,-2018,-1326,1001.10,38.40
116225,788,-61,-748,3850,630,3290,-5252,-2207,-1255,1001.10,38.40
116256,698,-100,-701,7490,-6930,11410,-5273,-2657,-853,1001.18,38.40
116265,690,-104,-705,6860,-9520,7140,-5251,-2762,-687,1001.18,38.40
116296,737,-50,-717,-2170,-14980,-910,-5201,-2859,-195,1001.23,38.40
116305,757,-54,-736,-2590,-9800,-3430,-5202,-2866,-179,1001.23,38.40
116336,690,-100,-724,-2380,-16660,4970,-5104,-3059,-354,1001.19,38.40
116345,683,-81,-728,-2870,-19950,4620,-5026,-3027,-191,1001.19,38.40
116376,651,-85,-744,-4760,-20370,5740,-4867,-3306,282,1001.28,38.50
116385,647,-124,-728,-6370,-17010,2940,-4797,-3383,426,1001.28,38.50
116416,663,-128,-752,-8330,-16310,-4200,-4574,-3530,897,1001.16,38.50
116425,655,-120,-763,-7910,-15960,-8050,-4511,-3557,1046,1001.16,38.50
116456,636,-34,-697,-2100,-10570,-5320,-4299,-3473,1591,1001.24,38.50
116465,683,-19,-713,-2520,-7910,-2100,-4191,-3490,1709,1001.24,38.50
116496,679,-89,-760,-12670,-13720,2240,-3771,-3679,1923,1001.19,38.50
116505,593,-89,-760,-13790,-13440,3430,-3558,-3798,1924,1001.19,38.50
116536,675,-50,-662,-21490,-61950,59220,-2714,-3530,2062,1001.12,38.50
116545,675,-50,-662,-16100,-58100,62370,-2466,-3352,2059,1001.12,38.50
116576,534,-100,-713,-16240,-14630,57610,-1933,-2995,1932,1001.20,38.50
116585,511,-100,-740,-15120,-910,49980,-1811,-2892,1892,1001.20,38.50
116616,620,-116,-802,-10360,18060,24220,-1536,-2602,1772,1001.21,38.50
116625,655,-69,-791,-6930,16940,23310,-1466,-2501,1736,1001.21,38.50
116656,675,-58,-724,-6370,20510,33460,-1322,-2201,1673,1001.27,38.50
116665,725,-38,-775,-13160,20790,37380,-1272,-2143,1643,1001.27,38.50
116696,593,-97,-717,-30240,-1890,57820,-1113,-2081,1520,1001.07,38.50
116705,589,-147,-845,-36610,-13930,60900,-1059,-2092,1483,1001.07,38.50
116736,569,-54,-604,-32760,-23660,54040,-891,-1924,1433,1001.23,38.40
116745,460,-46,-721,-35280,-16940,52080,-831,-1863,1425,1001.23,38.40
116776,527,-30,-752,-44310,-7770,32130,-727,-1740,1406,1001.17,38.40
116785,612,-42,-654,-45570,-9240,26950,-690,-1713,1392,1001.17,38.40
116816,573,-81,-802,-52710,-12670,15610,-606,-1597,1389,1001.26,38.40
116825,593,-89,-822,-49770,-7350,13580,-580,-1565,1380,1001.26,38.40
116856,605,-77,-830,-23520,5250,17570,-558,-1416,1379,1001.11,38.40
116865,601,-65,-795,-15750,6090,20090,-545,-1396,1371,1001.11,38.40
116896,612,-58,-760,-5040,16730,16450,-506,-1355,1337,1001.26,38.40
116905,628,-81,-721,-4550,16380,19390,-474,-1384,1300,1001.26,38.40
116936,534,-97,-748,-10080,7070,37170,-383,-1385,1233,1001.16,38.40
116945,499,-34,-756,-5390,9520,39480,-353,-1344,1228,1001.16,38.40
116976,644,-54,-705,-2870,44310,16310,-297,-1255,1183,1001.28,38.40
116985,710,-61,-736,-15680,40810,5530,-295,-1239,1157,1001.28,38.40
117016,702,12,-748,-24010,13020,13300,-253,-1155,1142,1001.21,38.40
117025,706,39,-744,-21140,4760,20090,-246,-1129,1119,1001.21,38.40
117056,749,-50,-791,-24850,3780,29820,-235,-1042,1070,1001.21,38.40
117065,706,-65,-767,-23870,7490,35070,-246,-1018,1051,1001.21,38.40
117096,597,-54,-783,-15820,-4550,28490,-268,-967,1029,1001.17,38.40
117105,628,-58,-721,-7630,-5390,21700,-255,-960,1017,1001.17,38.40
117136,702,-22,-763,-6860,-2730,12950,-238,-956,960,1001.22,38.40
117145,710,-11,-779,-14280,-3570,11480,-213,-952,935,1001.22,38.40
117176,640,-26,-763,-18900,-8960,10990,-197,-908,860,1001.21,38.40
117185,620,-11,-744,-17920,-13020,10150,-204,-890,850,1001.21,38.40
117216,710,-61,-763,-14070,-10080,560,-195,-816,793,1001.12,38.40
117225,710,-61,-763,-16240,-10500,840,-208,-803,782,1001.12,38.40
117256,632,-46,-779,-23730,-8610,4200,-221,-758,735,1001.15,38.40
117265,632,-46,-779,-21070,-7700,2660,-220,-740,725,1001.15,38.40
