T [ms],AccX [mg],AccY [mg],AccZ [mg],GyroX [mdps],GyroY [mdps],GyroZ [mdps],MagX [mgauss],MagY [mgauss],MagZ [mgauss]
3770,39,-178,-1025,-12320,-20790,-18760,-103,-304,90
3810,55,-139,-978,-12810,1400,3290,-108,-308,89
3850,51,-182,-974,-17640,-1680,-7980,-111,-296,84
3890,39,-186,-994,-6720,-9800,-14280,-110,-297,88
3930,55,-210,-943,-18060,-3010,-1330,-108,-297,92
3970,23,-233,-947,-20230,-11480,-14560,-110,-292,92
4010,35,-217,-1001,-24710,-7350,-9310,-107,-278,95
4050,27,-237,-943,-13300,-6370,-3220,-100,-272,93
4090,12,-264,-943,-26040,-4830,3010,-96,-263,87
4130,31,-256,-974,-23520,2170,70,-94,-256,87
4170,27,-280,-970,-3920,980,-4130,-90,-245,94
4210,31,-272,-927,-16100,3430,210,-95,-245,83
4250,35,-284,-966,-13370,5460,3150,-94,-239,84
4290,55,-280,-919,9590,-2520,-2240,-105,-249,92
4330,35,-280,-970,3570,2870,-770,-105,-243,88
4370,39,-280,-939,18200,-1120,-1330,-103,-260,91
4410,47,-253,-962,-9730,-8330,-6020,-112,-256,92
4450,27,-299,-962,-13090,350,-5600,-101,-252,91
4490,39,-280,-912,7280,-9170,-3780,-99,-245,94
4530,23,-284,-962,-20090,1050,-1120,-102,-249,88
4570,20,-280,-958,-13440,350,-4900,-108,-235,98
4610,23,-280,-927,2170,-1960,-3010,-113,-240,95
4650,27,-292,-939,-2730,-140,-2310,-116,-235,94
4690,35,-292,-943,-9450,280,-2240,-105,-239,84
4730,39,-295,-955,-2450,-4550,-140,-102,-238,99
4770,23,-315,-931,-770,-1680,-980,-101,-245,94
4810,31,-307,-947,-16170,-1610,1260,-100,-228,95
4850,20,-315,-962,-210,-6160,2380,-108,-229,99
4890,20,-288,-982,45080,-7910,-14630,-100,-227,91
4930,-7,-276,-861,85960,37520,-4620,-107,-264,85
4970,82,-163,-962,23520,66570,30310,-144,-293,84
5010,191,-288,-974,-95550,40040,-52570,-160,-284,96
5050,133,-292,-869,-57960,-15050,-19040,-163,-249,98
5090,-15,-221,-978,-40390,-15610,21280,-147,-241,103
5130,137,-214,-919,-28770,132020,21560,-183,-216,96
5170,238,-409,-951,-117950,53830,-13370,-220,-190,100
5210,238,-389,-912,-48230,62230,6930,-255,-158,91
5250,359,-436,-799,-9940,80080,17570,-291,-156,83
5290,425,-927,-1235,-36540,274400,55650,-351,-143,63
5330,690,-736,-1036,8330,216160,-66990,-477,-156,5
5370,566,-584,-736,46200,-35630,-78610,-491,-154,-1
5410,308,-483,-799,19040,-268870,-4410,-428,-156,42
5450,265,-448,-912,104090,-105630,19040,-342,-185,79
5490,320,-331,-763,-14630,-1610,-37730,-340,-214,83
5530,378,-323,-873,-12950,9450,-42560,-354,-198,90
5570,347,-401,-838,13860,-32760,-27090,-351,-204,86
5610,320,-412,-802,3780,-24010,-18900,-328,-211,94
5650,261,-479,-841,-18410,-10570,-23520,-322,-218,87
5690,242,-506,-841,-7280,-32690,-18270,-311,-200,96
5730,191,-487,-877,-13020,-27370,2240,-303,-207,96
5770,250,-490,-935,-2170,-21910,4060,-292,-184,95
5810,339,-518,-869,28770,6580,11340,-282,-196,100
5850,281,-565,-857,44520,21280,-17360,-285,-210,91
5890,222,-412,-1001,35420,-10080,-19740,-278,-206,81
5930,254,-210,-900,26320,50820,-8610,-271,-215,85
5970,55,-311,-787,-8120,46620,-15540,-290,-209,85
6010,51,-225,-908,-34860,-25060,15750,-278,-194,91
6050,31,-256,-865,-16730,980,22540,-261,-182,83
6090,101,-280,-619,-3570,10150,13440,-267,-184,76
6130,101,-381,-662,-26460,-37870,24010,-272,-186,87
6170,371,-412,-1696,-73640,-61950,22470,-235,-168,71
6210,203,-565,-771,-24640,48090,-7700,-242,-153,82
6250,191,-451,-783,26180,19250,0,-270,-166,80
6290,320,-432,-880,13230,-1680,-35980,-277,-175,76
6330,269,-393,-877,-6160,16800,-62510,-291,-176,78
6370,293,-420,-779,-4620,18270,-45080,-302,-160,79
6410,339,-377,-685,12180,37730,-30940,-310,-164,78
6450,238,-385,-1005,-14700,-47950,-24850,-308,-155,81
6490,74,-494,-853,-26670,-42210,-5530,-266,-148,87
6530,62,-537,-814,3150,10150,-4760,-259,-150,83
6570,156,-483,-919,7770,3080,14700,-276,-154,86
6610,179,-432,-877,8470,-7280,-2240,-266,-168,82
6650,203,-471,-869,-5040,-5600,-7210,-280,-158,91
6690,133,-459,-857,-10150,-22750,3780,-260,-162,87
6730,137,-502,-880,2100,-13370,7490,-256,-162,87
6770,152,-487,-888,4410,-1820,8190,-259,-161,95
6810,160,-459,-908,9030,6300,5950,-264,-162,80
6850,152,-436,-873,16170,-7070,4690,-263,-173,95
6890,191,-385,-912,23730,-12460,12040,-263,-188,96
6930,168,-385,-877,8680,-10850,9030,-252,-183,87
6970,156,-412,-923,-7630,12320,8540,-254,-195,104
7010,172,-428,-919,7140,30170,7560,-260,-198,85
7050,172,-424,-884,25550,41440,10220,-289,-205,95
7090,203,-420,-884,15960,33600,10990,-303,-213,91
7130,281,-315,-900,34160,44170,20230,-330,-224,73
7170,254,-381,-888,17360,16660,21070,-344,-236,72
7210,335,-276,-916,28700,37870,33320,-355,-255,73
7250,324,-241,-892,19810,17990,21910,-368,-273,66
7290,324,-260,-877,980,17920,9310,-367,-273,58
7330,351,-292,-892,-6370,-3360,-3850,-377,-273,54
7370,296,-338,-861,-7350,-14070,-5110,-371,-265,65
7410,374,-280,-877,-14000,-18970,-1050,-361,-270,71
7450,300,-331,-877,-9310,-17150,9310,-352,-272,75
7490,312,-288,-873,-6580,700,8960,-355,-258,78
7530,289,-311,-943,-19250,-31780,560,-339,-259,78
7570,246,-311,-916,-7910,-20230,-770,-327,-246,78
7610,257,-319,-916,-2730,-7560,-3430,-327,-243,82
7650,261,-295,-912,5460,-4480,4200,-316,-236,93
7690,269,-315,-884,4620,-140,4060,-331,-248,84
7730,265,-338,-908,-7280,-6860,2940,-330,-242,74
7770,254,-327,-923,-4830,-4480,1330,-324,-246,85
7810,246,-319,-919,-7210,5460,1610,-326,-242,80
7850,238,-295,-834,-27860,43400,3500,-333,-232,80
7890,351,-401,-888,-55300,99120,350,-379,-220,68
7930,437,-405,-849,-25970,74410,-42000,-418,-210,52
7970,441,-416,-857,11200,25060,-30310,-440,-199,45
8010,386,-393,-841,23170,-6510,1960,-437,-203,41
8050,394,-354,-841,17570,-25270,-22680,-429,-211,51
8090,371,-393,-834,1050,-28630,-14210,-412,-214,63
8130,339,-373,-869,-8610,-5390,-2170,-416,-210,57
8170,351,-389,-896,-3710,4970,2310,-414,-217,67
8210,359,-362,-841,12180,-6860,210,-412,-214,59
8250,355,-381,-888,70,-14000,-4550,-414,-213,55
8290,308,-373,-865,7420,-16730,-2380,-401,-216,56
8330,304,-370,-877,5880,-10920,-2660,-391,-224,71
8370,308,-377,-884,-1470,-11690,-140,-397,-224,61
8410,293,-389,-861,17920,-1190,5600,-400,-221,72
8450,296,-432,-935,18760,-16870,11830,-387,-228,75
8490,265,-268,-869,71050,-11340,25060,-378,-264,80
8530,312,-268,-865,41300,-7700,19600,-388,-281,78
8570,332,-237,-927,26460,-11970,16170,-376,-306,72
8610,289,-206,-939,9730,-16940,27440,-364,-303,75
8650,285,-202,-947,4690,6510,17710,-362,-316,80
8690,285,-147,-935,8680,-2030,4340,-377,-317,68
8730,320,-178,-900,10220,-3010,1330,-366,-324,65
8770,312,-186,-943,-5390,19950,-4970,-362,-316,63
8810,293,-229,-962,23380,10920,2730,-386,-325,67
8850,257,-214,-880,33950,-20650,28350,-356,-340,58
8890,316,-182,-1083,-5600,-2730,30730,-360,-344,62
8930,230,-58,-947,32970,25410,65170,-357,-367,61
8970,371,-46,-877,26040,25900,56630,-362,-388,62
9010,394,8,-900,6580,91910,86170,-386,-410,39
9050,511,-30,-845,-21350,50260,42280,-398,-402,25
9090,476,-15,-880,-29260,36680,37730,-411,-404,35
9130,441,-143,-857,-88900,-34650,-72310,-406,-354,54
9170,406,-307,-978,-64400,16590,-65240,-397,-325,45
9210,491,-163,-947,28070,-18200,17150,-395,-327,49
9250,441,-120,-802,42280,6650,32970,-392,-349,49
9290,546,-182,-931,22260,62370,13160,-409,-357,31
9330,484,-120,-845,13860,35420,22680,-413,-357,31
9370,530,-7,-955,3430,71190,36820,-450,-359,19
9410,538,117,-916,42140,33950,47460,-443,-380,11
9450,550,144,-849,89180,45010,85890,-448,-416,-3
9490,468,-97,-717,134890,-7420,47670,-439,-472,-24
9530,507,98,-740,97090,34790,4340,-446,-519,-53
9570,659,179,-615,74550,99750,14420,-477,-553,-98
9610,745,281,-760,11410,51240,30100,-498,-559,-113
9650,745,343,-666,24220,-10080,57960,-469,-578,-113
9690,667,491,-791,6930,-65450,61390,-442,-584,-109
9730,605,320,-744,-490,-87990,28630,-402,-587,-90
9770,550,382,-682,-14980,39410,47390,-398,-588,-89
9810,499,277,-565,-1540,5670,16170,-399,-606,-85
9850,495,324,-518,-13230,27580,16100,-398,-592,-86
9890,495,316,-541,-41300,30450,3710,-392,-587,-88
9930,538,218,-627,-78120,47810,22610,-393,-552,-75
9970,608,378,-845,-17850,10920,26810,-412,-564,-74
10010,480,644,-814,-2100,-38990,40180,-376,-566,-73
10050,546,-26,-412,-3010,110320,-11270,-400,-560,-78
10090,725,421,-916,-21770,-68320,40810,-402,-562,-71
10130,573,312,-416,45780,72520,48720,-409,-574,-75
10170,632,456,-561,13650,140,-1540,-412,-581,-97
10210,640,449,-619,2030,22050,32620,-407,-591,-89
10250,647,343,-623,-43260,-19530,6230,-399,-572,-85
10290,686,320,-697,-6860,31990,17360,-398,-580,-88
10330,605,187,-635,-1890,-8960,-4900,-390,-569,-79
10370,581,460,-631,1820,-10710,-770,-398,-581,-78
10410,620,468,-693,11760,-13510,-39480,-394,-572,-94
10450,608,386,-771,-2310,-37520,-42840,-394,-572,-92
10490,573,429,-791,-21560,-59850,5740,-391,-566,-60
10530,530,285,-756,-55790,-70980,-18130,-362,-548,-43
10570,605,183,-760,-62790,-9240,-25270,-343,-532,-26
10610,612,257,-783,-61670,42560,13790,-356,-504,-16
10650,546,250,-834,-47250,-1400,44170,-341,-490,-3
10690,546,226,-795,-11270,910,29330,-336,-486,4
10730,523,211,-826,3920,-27510,9100,-329,-483,-1
10770,612,312,-795,-4970,10500,22540,-308,-490,-3
10810,530,211,-666,-14910,17500,10710,-334,-489,-11
10850,975,230,-818,-10290,27790,3850,-333,-487,1
10890,640,211,-740,-28210,31430,2380,-347,-486,-1
10930,569,238,-767,-58730,23870,17920,-340,-465,6
10970,503,254,-771,-85610,-37380,-6020,-331,-421,15
11010,538,90,-802,-94920,2940,19880,-329,-398,41
11050,628,144,-888,-92260,18620,18340,-328,-366,47
11090,495,-128,-916,-64960,-19180,5180,-326,-330,62
11130,616,98,-713,-28140,-15050,-39830,-316,-315,69
11170,601,-26,-783,-47810,31080,2240,-319,-294,68
11210,597,-42,-767,-18410,-17080,-31850,-333,-291,70
11250,569,-54,-888,-35770,-2870,-3220,-321,-275,71
11290,558,-69,-795,-37870,-7630,210,-324,-267,71
11330,581,-116,-873,-41230,-8680,19390,-306,-241,69
11370,581,-163,-787,-21070,-5600,18760,-301,-228,80
11410,542,-116,-767,-33460,-6580,8890,-297,-223,81
11450,640,-3,-783,-35560,-33670,-10360,-294,-209,88
11490,464,-182,-888,-26880,-130550,-57330,-231,-186,95
11530,410,-241,-849,-25900,-44940,-8050,-207,-180,87
11570,398,-241,-892,-27230,-16660,-12950,-188,-159,92
11610,367,-256,-916,-16240,-17080,-4200,-183,-151,107
11650,335,-249,-884,-7770,-6230,-11130,-183,-156,102
11690,277,-315,-1072,560,-2240,-23310,-181,-159,91
11730,261,-237,-892,7350,-27090,-50190,-165,-147,103
11770,378,-253,-884,15050,-39060,-58590,-144,-164,95
11810,308,-253,-919,4410,-25130,-36260,-138,-171,99
11850,293,-284,-990,3920,3850,-23380,-123,-174,107
11890,304,-295,-962,210,14280,-9940,-141,-172,99
11930,281,-249,-896,10220,-3500,-1050,-142,-183,101
11970,300,-260,-916,4200,-18760,-1050,-128,-175,97
12010,254,-241,-958,0,-37660,-17990,-118,-188,92
12050,230,-241,-931,3570,-15610,-11760,-109,-173,97
12090,234,-241,-916,-4970,9450,-7350,-118,-188,100
12130,269,-237,-958,-4690,21770,-4550,-125,-193,96
12170,269,-253,-912,1190,6790,-1190,-129,-188,90
12210,257,-253,-935,-5530,-7770,-910,-128,-174,96
12250,257,-241,-927,2450,-9100,-1190,-129,-188,86
12290,246,-253,-939,-2520,-11760,-3360,-117,-189,97
12330,254,-237,-943,210,8750,-70,-120,-185,101
12370,250,-249,-912,-1750,3570,-2800,-117,-189,105
12410,261,-229,-912,-1820,2730,-3430,-124,-192,94
12450,269,-268,-943,-4130,-3080,-2450,-138,-185,93
12490,246,-260,-947,350,-14560,-3920,-125,-185,90
12530,226,-249,-935,700,-8820,-3850,-113,-192,101
12570,261,-256,-962,1750,5040,-4970,-120,-179,108
12610,246,-249,-943,420,-1120,-1610,-117,-184,93
12650,250,-241,-939,-1330,2100,-3360,-124,-189,92
12690,254,-260,-939,-8120,-1190,-2450,-118,-185,100
12730,238,-241,-931,-2520,-2030,-4060,-121,-189,85
12770,234,-241,-951,-5530,6160,-1540,-120,-186,100
12810,250,-241,-943,2100,27230,3290,-125,-181,96
12850,281,-256,-927,12530,43540,10920,-146,-189,105
12890,293,-221,-908,20230,46270,8680,-165,-198,93
12930,339,-237,-955,30240,46060,350,-200,-214,101
12970,374,-139,-912,37800,47670,1190,-204,-236,93
13010,452,-171,-880,17990,34370,-4900,-224,-251,91
13050,515,-167,-877,30030,-14350,9100,-241,-263,97
13090,460,-139,-799,84770,12110,28420,-229,-280,95
13130,491,47,-834,75460,25970,38290,-252,-323,85
13170,386,55,-834,45710,-3150,53690,-244,-340,77
13210,351,51,-919,14070,-6510,5390,-242,-345,74
13250,374,4,-900,8190,5320,13300,-234,-359,74
13290,374,90,-974,-2380,-980,11900,-242,-374,70
13330,410,168,-834,0,7490,7770,-249,-367,70
13370,503,35,-892,-26600,-11130,4340,-239,-363,78
13410,468,0,-865,-12740,-10780,-2660,-250,-359,79
13450,449,0,-888,-17290,-23030,-16380,-227,-359,75
13490,374,47,-927,-2940,-28700,-9170,-220,-350,67
13530,390,66,-838,8610,-14280,-12950,-217,-359,85
13570,374,47,-904,-26600,-11130,-2310,-210,-350,85
13610,417,47,-943,-17850,23310,5110,-220,-354,86
13650,527,-11,-802,-6650,28980,26460,-227,-344,88
13690,488,-38,-845,6790,560,29890,-233,-344,88
13730,382,12,-931,210,2940,2380,-220,-345,94
13770,382,16,-962,-6790,1190,1540,-230,-356,82
13810,406,70,-935,560,2380,-4200,-228,-352,85
13850,472,27,-939,-5670,140,-2240,-231,-341,81
13890,488,20,-970,10080,-12040,-9730,-223,-340,86
13930,417,133,-970,25550,-23170,-13370,-224,-350,73
13970,382,94,-935,8610,-4760,-5600,-217,-361,85
14010,374,47,-904,-5880,-4620,-7490,-220,-344,78
14050,374,0,-919,-17570,-4830,-2380,-212,-347,81
14090,417,16,-923,-21980,8890,1750,-220,-354,67
14130,425,8,-912,-16240,630,910,-228,-343,81
14170,413,16,-947,-8680,-1330,1820,-215,-329,84
14210,406,20,-830,-1540,1750,2240,-224,-341,85
14250,437,8,-943,-24290,-12390,-3500,-220,-327,92
14290,398,0,-873,-16170,-14560,-7280,-216,-334,90
14330,406,-19,-916,-26950,-13860,-2100,-214,-311,95
14370,371,-26,-955,-20160,-12950,-7700,-186,-317,96
14410,351,-15,-990,14770,-11620,-9730,-194,-308,97
14450,382,-50,-826,26320,-7280,3500,-190,-317,89
14490,308,59,-958,21350,-16030,19880,-186,-327,82
14530,347,23,-880,24290,-13510,13650,-170,-341,81
14570,374,0,-888,5040,-12740,7910,-180,-354,83
14610,351,31,-974,-10360,-5810,-8610,-167,-345,87
14650,339,16,-939,350,-4060,-3920,-165,-332,93
14690,324,43,-888,9940,-770,-5670,-166,-345,82
14730,363,62,-1013,18830,-11130,-5250,-166,-346,75
14770,328,55,-900,11060,-2450,-1890,-159,-368,87
14810,316,59,-986,6440,-18970,-9870,-153,-363,80
14850,324,70,-923,-3920,-2520,-6510,-150,-374,79
14890,304,94,-904,-3920,-350,-7560,-152,-370,83
14930,324,20,-904,-19600,-700,-8890,-157,-364,84
14970,312,47,-974,-35840,-420,-8120,-160,-346,93
15010,320,12,-923,-31010,-6650,-7560,-156,-342,85
15050,312,-26,-990,-31780,-12530,15820,-143,-327,94
15090,320,-22,-916,-19460,-9170,8960,-139,-316,96
15130,293,-19,-978,-27650,-19950,4620,-126,-302,96
15170,293,-61,-912,-19880,-17500,-3150,-118,-294,97
15210,257,-38,-955,-25830,-19530,1820,-117,-283,97
15250,261,-73,-978,-21560,-30590,3080,-103,-278,100
15290,261,-58,-927,-29890,-26460,7630,-85,-259,91
15330,222,-178,-962,-57260,-60410,-38220,-67,-249,96
15370,187,-214,-1001,-53900,-50750,-47740,-43,-219,99
15410,164,-89,-958,-52780,-52920,-46550,-19,-207,98
15450,59,-163,-951,-57750,-12040,22400,1,-181,91
15490,109,-397,-935,-60060,-3360,980,3,-158,81
15530,94,-436,-1005,-77910,12460,11830,-5,-129,92
15570,59,-420,-908,-9590,46970,-14700,-18,-123,76
15610,-69,-327,-873,-56980,58800,-191800,-29,-110,87
15650,347,-342,-877,-108500,110250,-242200,-64,-110,83
15690,261,-490,-982,-49420,48720,-70700,-86,-87,91
15730,70,-463,-877,8050,-50330,34720,-70,-82,89
15770,86,-420,-880,34370,-12040,9730,-61,-95,91
15810,113,-514,-841,-22890,1820,25760,-65,-100,82
15850,98,-529,-896,-28350,1400,26670,-63,-84,82
15890,129,-557,-845,-19390,8820,21490,-67,-77,87
15930,168,-475,-904,-16240,2590,28700,-66,-67,85
15970,160,-553,-892,27230,-14280,42140,-49,-71,78
16010,109,-483,-814,17010,11410,22820,-54,-89,86
16050,144,-436,-884,-18340,17080,-10080,-63,-93,87
16090,121,-467,-830,-37240,28070,-25970,-60,-75,85
16130,156,-565,-853,-29680,43960,-21910,-75,-75,85
16170,179,-529,-896,-14490,57750,18340,-91,-67,77
16210,215,-592,-802,4900,70000,32760,-119,-65,93
16250,257,-533,-791,-3430,47460,30310,-148,-68,96
16290,293,-467,-865,1540,14490,24010,-142,-67,88
16330,308,-463,-799,-5740,16380,17150,-159,-74,80
16370,332,-444,-783,-17570,14770,14630,-160,-68,92
16410,316,-483,-810,-21140,280,-1750,-167,-65,93
16450,273,-506,-802,-29890,11480,-10360,-158,-57,91
16490,277,-545,-822,-34300,9590,-16520,-167,-53,81
16530,281,-615,-787,-20230,11130,-11340,-155,-34,84
16570,308,-588,-767,-3290,14980,-8820,-165,-39,91
16610,308,-553,-756,5950,12600,-6160,-166,-31,84
16650,300,-510,-744,-3150,12320,-4900,-163,-41,84
16690,293,-576,-779,1540,3850,-6580,-163,-42,79
16730,293,-592,-767,6160,-12600,9030,-155,-53,76
16770,273,-545,-740,37730,-21840,6090,-146,-63,82
16810,277,-455,-849,62020,-37730,490,-132,-92,97
16850,226,-323,-904,20160,-11970,-3080,-121,-98,89
16890,234,-373,-802,18340,-26600,770,-103,-116,94
16930,86,-412,-841,-39970,-42700,-28420,-87,-115,80
16970,101,-752,-1068,4270,-31010,-26390,-53,-114,84
17010,156,-639,-814,67690,10640,16730,-51,-135,84
17050,207,-249,-779,41650,10500,29330,-59,-161,97
17090,179,-214,-857,-10920,-20090,6650,-60,-158,84
17130,105,-432,-873,-28700,-27160,-10780,-44,-152,77
17170,70,-514,-986,-28210,-14490,-6160,-34,-145,77
17210,12,-588,-970,5600,-8400,19740,-13,-144,78
17250,59,-354,-978,33390,20790,49280,-30,-156,78
17290,144,-241,-877,31150,29050,52850,-34,-168,81
17330,199,-276,-841,19670,4900,37240,-39,-171,77
17370,160,-354,-908,-17150,-490,20790,-27,-177,82
17410,101,-327,-966,210,-4760,11550,-20,-177,85
17450,74,-319,-951,-350,-980,5670,-31,-175,93
17490,117,-327,-951,8120,13230,9660,-29,-182,79
17530,129,-311,-877,2730,5250,8540,-24,-185,82
17570,113,-264,-958,-14280,10150,6650,-28,-184,83
17610,133,-323,-970,6860,8400,9590,-28,-184,75
17650,121,-292,-955,-7910,15400,10990,-24,-188,71
17690,129,-272,-919,-7070,9730,7490,-22,-185,79
17730,137,-311,-927,-4200,3920,3570,-28,-196,86
17770,125,-276,-962,-7280,9730,3220,-29,-195,83
17810,125,-303,-955,-9870,11620,4200,-35,-186,87
17850,137,-311,-931,-6440,14000,11410,-29,-193,78
17890,152,-295,-947,140,16100,8890,-35,-185,85
17930,160,-295,-900,-5040,11970,-490,-36,-196,90
17970,156,-331,-939,-4900,2940,-560,-33,-192,86
18010,117,-288,-904,-7140,-1400,-16660,-31,-188,82
18050,125,-256,-958,-22190,-8050,-4900,-28,-185,79
18090,113,-315,-931,-10990,6230,6160,-25,-193,93
18130,94,-284,-955,-10150,2730,1190,-14,-184,87
18170,101,-334,-962,-6580,6860,2240,-18,-184,79
18210,101,-292,-939,-4550,10850,3920,-21,-189,78
18250,101,-303,-970,10780,12880,2170,-28,-199,78
18290,105,-295,-919,-10920,7560,2520,-19,-206,75
18330,105,-288,-951,-4060,7700,6020,-22,-207,76
18370,109,-292,-923,2030,3780,3080,-21,-195,83
18410,101,-280,-978,-12950,5320,5530,-11,-192,90
18450,82,-311,-951,-5880,9870,2310,-10,-199,71
18490,94,-292,-923,-2940,7070,4270,-15,-202,80
18530,98,-272,-931,-4830,8120,2240,-15,-199,84
18570,94,-288,-951,-2100,6790,490,-11,-194,78
18610,90,-276,-919,-3080,7280,-1050,-21,-199,71
18650,98,-280,-962,-7910,8680,-700,-14,-206,76
18690,94,-268,-943,280,12530,-350,-18,-203,79
18730,101,-280,-955,-8470,11690,2520,-18,-202,76
18770,101,-276,-939,-12180,10850,2380,-17,-199,76
18810,90,-292,-939,-3850,11060,2380,-22,-206,86
18850,101,-272,-958,-15540,7700,-700,-25,-203,84
18890,94,-280,-951,-7910,9450,1960,-19,-210,84
18930,101,-276,-939,-4760,12250,6440,-21,-202,86
18970,101,-268,-943,-13580,9800,10500,-30,-210,72
19010,90,-284,-966,-17570,7910,10430,-19,-206,90
19050,94,-315,-958,-2660,8120,9240,-19,-203,82
19090,78,-292,-943,-6930,9240,6090,-22,-206,86
19130,94,-272,-935,-420,12600,7980,-14,-203,79
19170,90,-284,-919,3850,10850,6090,-19,-207,83
19210,94,-280,-958,-12740,10010,4620,-14,-199,84
19250,101,-276,-939,-14770,6930,4830,-15,-203,86
19290,105,-280,-947,-22820,8750,4270,-22,-203,72
19330,98,-295,-951,-25200,7350,4060,-13,-191,94
19370,90,-327,-958,-20510,9240,4200,-13,-180,75
19410,86,-303,-982,-21350,6930,4690,-13,-184,91
19450,94,-319,-916,-12040,11900,6860,-16,-167,78
19490,109,-342,-923,-16660,4270,5040,-16,-173,82
19530,82,-338,-935,-10850,6650,4270,-11,-174,75
19570,98,-331,-900,-6510,8610,6230,-13,-170,70
19610,98,-323,-919,-16170,8890,4340,-9,-162,77
19650,90,-366,-935,-15820,8680,4480,-16,-166,83
19690,86,-358,-939,-16520,6860,3710,-9,-163,81
19730,90,-370,-935,-15890,6930,3360,-16,-163,77
19770,82,-346,-931,-11760,5460,2450,-9,-158,79
19810,82,-358,-931,-16240,6580,5880,-10,-154,71
19850,78,-385,-927,-14280,7280,3920,-4,-148,78
19890,78,-362,-912,-3430,9800,4690,-6,-150,69
19930,82,-370,-927,-4620,7140,3080,-5,-151,82
19970,70,-373,-935,-4690,9450,3640,-10,-163,81
20010,90,-358,-900,-1330,9310,3570,-13,-156,73
20050,86,-373,-966,-13370,10710,3290,-10,-148,74
20090,70,-373,-888,-6300,9590,6440,-12,-155,85
20130,82,-362,-943,-8540,4620,2380,-6,-159,81
20170,90,-373,-919,-12110,13790,6930,-4,-151,77
20210,82,-381,-927,-7840,1960,1400,-9,-158,75
20250,78,-358,-900,-10500,12180,5390,-24,-149,74
20290,82,-366,-916,-9730,5110,4130,-2,-158,85
20330,82,-393,-943,-10430,7840,4760,-3,-141,78
20370,74,-366,-935,-3430,9520,3290,-12,-151,81
20410,82,-370,-916,-8050,8050,4480,-12,-151,69
20450,78,-373,-927,-13370,5810,3010,0,-152,78
20490,74,-381,-912,-3850,9030,3780,2,-147,73
20530,86,-354,-919,-6580,8260,5040,0,-147,77
20570,82,-381,-916,-11060,9100,3500,-3,-147,86
20610,74,-366,-951,-7350,8050,-350,2,-143,59
20650,86,-366,-904,-3850,11200,5810,-5,-148,69
20690,74,-373,-923,-8190,7700,1750,-6,-148,71
20730,82,-370,-916,-11620,11200,5110,2,-150,81
20770,86,-362,-916,-5880,7280,3640,-16,-152,75
20810,78,-385,-904,-10150,9450,6090,-20,-153,85
20850,90,-389,-931,-10290,5810,2310,-8,-147,74
20890,78,-373,-927,-5040,9520,3640,-6,-145,73
20930,86,-358,-919,-11270,10220,4970,-12,-149,85
20970,74,-401,-931,-9030,3850,2520,-6,-145,74
21010,66,-370,-931,-6510,10920,5600,-10,-155,81
21050,74,-420,-908,-8610,8820,1680,-8,-139,63
21090,74,-370,-935,-17990,7210,-1260,-17,-145,73
21130,70,-373,-892,-5460,7210,3360,-6,-147,73
21170,74,-381,-919,-9310,6440,3640,-8,-147,74
21210,66,-409,-919,-10850,6230,2660,-1,-140,77
21250,66,-389,-919,-10780,4690,3220,-6,-147,66
21290,70,-397,-900,-6090,8190,2800,-1,-137,86
21330,59,-389,-923,-6860,3290,-70,-5,-145,77
21370,43,-397,-923,-2870,-20580,-17920,0,-155,74
21410,47,-381,-916,-6300,2310,-2100,9,-150,75
21450,31,-381,-900,-10710,1610,1400,7,-150,77
21490,23,-409,-912,-16380,-210,-1470,20,-143,62
21530,23,-401,-923,-8540,6300,3500,10,-140,71
21570,16,-412,-919,-9240,7700,3710,31,-138,73
21610,27,-397,-908,-6300,6020,3430,17,-140,62
21650,12,-401,-919,-8120,7490,3920,18,-136,69
21690,16,-412,-916,-8680,4130,2800,14,-143,59
21730,16,-397,-896,-5880,9100,5320,20,-138,66
21770,16,-416,-916,-7840,7490,3500,25,-138,71
21810,16,-409,-912,-4200,12320,6510,25,-157,71
21850,8,-397,-923,-8400,3920,1190,22,-142,67
21890,12,-401,-923,-8050,7490,3920,31,-150,70
21930,12,-401,-888,-3920,8190,3570,13,-147,71
21970,16,-412,-923,-9170,7140,3080,24,-138,69
22010,12,-385,-888,-2870,10290,4410,17,-142,69
22050,16,-397,-912,-10150,8120,3570,35,-142,66
22090,4,-432,-916,-9380,4060,2380,13,-140,77
22130,12,-397,-908,-4270,9730,4620,25,-142,71
22170,12,-385,-919,-8050,5670,1750,18,-146,77
22210,8,-424,-904,-8400,9450,4620,28,-146,62
22250,8,-397,-916,-5670,4340,1960,34,-152,67
22290,16,-412,-896,-6370,12950,7840,17,-143,77
22330,0,-393,-900,-9730,-1260,-1260,24,-143,66
22370,16,-401,-919,-11970,9450,5740,24,-143,67
22410,0,-381,-888,-2100,7980,3640,32,-150,60
22450,8,-416,-919,-9520,7700,4550,35,-153,71
22490,12,-401,-908,-8960,7630,4760,31,-146,74
22530,4,-416,-919,-7280,9240,4060,28,-149,70
22570,4,-412,-912,-1750,6300,2170,25,-143,73
22610,8,-385,-896,-7280,10290,5390,29,-146,74
22650,12,-416,-912,-13440,3500,2660,29,-132,69
22690,4,-405,-908,-4130,11200,5040,25,-138,71
22730,4,-412,-904,-4830,8260,980,27,-142,67
22770,4,-420,-919,-10500,3780,3220,29,-146,71
22810,4,-409,-931,-7490,10010,6440,28,-150,67
22850,8,-409,-919,-4200,8750,1820,35,-138,63
22890,0,-405,-927,-11760,5950,2800,24,-136,67
22930,4,-401,-884,-5740,7910,6370,22,-139,73
22970,4,-397,-908,-9940,8750,1750,35,-136,66
23010,0,-412,-896,-8260,5810,3150,31,-136,67
23050,4,-397,-927,-6860,7210,4900,20,-142,70
23090,8,-432,-904,-7910,9800,2450,28,-136,62
23130,0,-377,-912,-210,7560,3920,18,-139,66
23170,4,-416,-919,-13720,9450,4340,29,-135,73
23210,0,-409,-904,-11410,3430,3080,32,-142,63
23250,-7,-409,-912,-3920,8470,4900,39,-146,64
23290,-3,-416,-912,-11690,9100,4550,35,-138,59
23330,-3,-393,-892,-5880,4620,1820,32,-141,59
23370,4,-432,-919,-10640,9170,7490,35,-138,56
23410,-7,-416,-908,-7560,6230,1610,32,-138,63
23450,-3,-405,-916,-8050,8890,5460,38,-143,62
23490,-3,-420,-900,-8260,4970,3150,28,-134,52
23530,-11,-420,-916,-7630,8750,2660,35,-135,62
23570,-7,-405,-908,-5530,7420,5250,29,-132,59
23610,-7,-416,-892,-10080,9730,6510,24,-142,58
23650,0,-412,-923,-5670,4340,1400,35,-138,56
23690,-7,-428,-904,-8190,13370,8610,29,-138,66
23730,-3,-412,-916,-7420,4200,1960,29,-142,66
23770,-19,-448,-877,-7420,14630,11830,32,-142,63
23810,12,-385,-923,-7280,3430,210,29,-136,59
23850,27,-401,-900,-8470,37800,37170,18,-142,66
23890,31,-440,-923,-10570,-2310,6370,22,-133,69
23930,27,-409,-908,-16730,11550,10360,19,-122,70
23970,55,-405,-904,-27930,-490,2100,32,-114,73
24010,20,-487,-900,-70420,-4060,11830,25,-105,53
24050,4,-475,-892,-55510,-18130,13370,33,-72,50
24090,-7,-553,-826,-55020,-22400,22050,46,-66,41
24130,35,-643,-865,-46620,-43960,13300,67,-42,33
24170,20,-721,-744,100170,-34370,-76930,84,-42,19
24210,-15,-514,-818,-12950,-37030,-63350,98,-62,27
24250,-97,-514,-806,5460,21070,21840,101,-65,20
24290,51,-494,-744,1400,31780,15050,89,-52,29
24330,-171,-592,-834,-7980,-29050,9240,102,-45,33
24370,-143,-576,-1072,-27930,-70280,-1260,103,-48,22
24410,-128,-502,-763,1820,-3570,32970,127,-40,19
24450,-260,-658,-1013,-1750,-13930,9170,120,-32,4
24490,-136,-483,-740,38150,-41440,-78470,133,-60,7
24530,-132,-448,-900,-19810,-6370,-60410,143,-79,5
24570,-132,-459,-877,14490,7000,21560,148,-77,3
24610,-175,-490,-838,23940,-10920,40460,134,-71,-1
24650,-116,-448,-912,1260,2590,47250,133,-68,2
24690,-147,-479,-1005,59570,4900,84000,131,-64,5
24730,-42,-432,-830,64190,-5460,50400,130,-73,19
24770,-89,-424,-795,42840,-6790,32620,137,-83,9
24810,-112,-409,-939,59990,121030,14420,108,-88,32
24850,-34,-385,-1029,-28420,1470,-2450,97,-85,36
24890,0,-354,-830,-16100,19320,910,84,-79,45
24930,-19,-350,-939,-36260,-6160,-770,85,-70,35
24970,4,-471,-873,-69440,-7420,2240,93,-45,27
25010,-11,-518,-916,-53760,-10220,-2450,100,-27,13
25050,-61,-494,-900,-41720,-1960,-3710,94,-11,10
25090,-7,-568,-896,-74270,-6090,-18550,97,2,9
25130,8,-565,-849,-23870,13020,-15190,93,11,-1
25170,-15,-545,-818,-21490,-2380,-11340,94,18,2
25210,-3,-584,-869,-34860,-5530,-30030,99,26,-4
25250,-61,-576,-814,-9380,-15260,-10710,101,20,-11
25290,-38,-607,-787,-6090,1050,-210,111,23,-8
25330,-50,-604,-838,1960,-4550,-6650,115,23,-18
25370,-77,-576,-799,3290,-15680,-1330,115,16,-12
25410,-58,-588,-818,140,-5320,1680,113,22,-3
25450,-73,-584,-814,0,-4060,1610,119,17,-16
25490,-73,-607,-810,-4480,3500,-1820,109,16,-8
25530,-50,-576,-806,-3710,3290,-3010,111,20,-16
25570,-61,-584,-791,-3220,-1470,-4480,122,21,-12
25610,-50,-592,-814,-17080,14140,-5950,102,22,-12
25650,-34,-596,-787,-13370,12460,-5880,93,15,-4
25690,-30,-615,-814,-7140,-350,-3920,102,44,-12
25730,-42,-592,-795,3220,-9030,1050,94,23,-12
25770,-58,-588,-795,2730,-140,-3010,102,30,-12
25810,-50,-615,-806,2800,-5040,-4200,113,30,-5
25850,-93,-600,-795,7350,-16240,-7490,111,23,-11
25890,-3,-592,-834,-2240,29470,-18620,105,12,-12
25930,-42,-600,-841,14140,2660,-9240,97,4,-3
25970,-42,-572,-810,2520,280,-10920,98,5,-4
26010,-46,-565,-822,-8120,-3780,3010,105,-1,-4
26050,-46,-604,-814,-16380,910,-700,112,6,0
26090,-42,-600,-826,-18620,-770,2660,91,8,1
26130,-77,-584,-779,-19320,12880,-5110,92,32,1
26170,-97,-596,-810,-32900,30240,-3780,92,40,-9
26210,-34,-619,-802,6160,-4060,-8890,76,26,0
26250,-26,-600,-771,3640,-4970,980,87,26,0
26290,-19,-596,-783,-7280,-2940,-4410,73,39,-4
26330,-15,-623,-802,-10150,-1400,8050,84,30,-8
26370,-19,-607,-771,7420,-14560,4130,81,36,-5
26410,-22,-631,-775,-11130,-6020,11550,88,40,-8
26450,-42,-623,-783,-13020,-3220,13650,94,33,-13
26490,-26,-635,-795,-7980,2100,5530,76,37,-16
26530,-22,-635,-783,-2730,-3080,1890,82,50,-6
26570,-11,-631,-779,3290,-5040,-1330,89,44,-4
26610,-30,-639,-799,3430,-12740,-280,81,48,-17
26650,8,-596,-732,22960,-8050,-420,87,44,-16
26690,-22,-596,-775,21280,-16450,-3150,90,26,-23
26730,-7,-572,-799,-3500,3500,-2730,98,26,-11
26770,-30,-619,-787,-14770,8750,420,81,37,-9
26810,-11,-607,-795,-17150,10290,4480,82,50,-10
26850,-7,-623,-787,-12530,6650,630,81,48,-16
26890,-15,-627,-775,-4130,2100,-350,84,47,-21
26930,12,-646,-787,-12040,8540,-2240,64,58,-18
26970,-11,-627,-779,-420,-3290,1820,73,50,-8
27010,8,-646,-787,-12460,4550,-140,75,55,-12
27050,-22,-635,-771,630,-5040,-490,80,48,-10
27090,4,-670,-787,-7280,6370,-7770,77,50,-16
27130,8,-658,-787,21140,-25060,-8330,77,55,-12
27170,-22,-611,-791,4690,-4970,-3360,69,48,-17
27210,-7,-600,-783,5040,-4620,-2310,81,41,-13
27250,-22,-635,-783,1400,-8680,2520,88,36,-9
27290,-7,-611,-787,-9380,2100,-2240,74,26,-5
27330,-26,-619,-810,5040,-13020,4270,94,45,-16
27370,-34,-607,-810,-1680,1960,-4480,88,45,-19
27410,4,-670,-795,5110,490,-8610,91,38,-13
27450,-58,-584,-865,29050,-13090,2170,91,29,-8
27490,-3,-584,-834,-3430,-1960,-10990,81,21,-4
27530,-19,-607,-806,-10500,-4620,4970,90,25,1
27570,-22,-580,-806,-12530,420,-2380,76,29,4
27610,-11,-604,-818,-4970,-4200,3080,81,34,-12
27650,-19,-607,-791,-3640,-3010,1750,83,33,-5
27690,-22,-623,-779,-12600,4270,-560,81,37,-16
27730,-15,-615,-810,-4970,-1610,-350,81,37,-16
27770,-11,-604,-799,-3500,-5670,4410,87,45,-8
27810,-22,-627,-802,-10500,-3640,3640,85,50,-4
27850,-15,-611,-799,-2450,-3850,-1190,77,48,-13
27890,-54,-604,-787,420,-12740,-1190,87,48,-16
27930,-7,-592,-763,17780,3150,-5110,84,47,-13
27970,-22,-592,-791,-18340,17360,-3500,91,43,-8
28010,-11,-576,-814,-210,630,-26040,78,44,-13
28050,4,-607,-744,-4410,-4970,-10360,88,25,-9
28090,-3,-615,-822,-20860,1120,1470,87,36,-13
28130,-38,-643,-787,-9520,-1260,6160,77,47,-8
28170,-15,-623,-795,-7770,-630,8400,88,44,-31
28210,-7,-615,-752,-13230,6230,5530,73,51,-14
28250,20,-615,-787,-15960,9030,23380,64,58,-10
28290,23,-646,-736,-31220,11060,20300,70,72,-17
28330,43,-682,-779,-18130,-8540,15330,74,87,-34
28370,8,-666,-752,-9660,-420,50330,60,97,-33
28410,43,-631,-740,-7980,-3780,3220,62,97,-27
28450,12,-685,-830,-2450,-8820,2380,64,102,-34
28490,66,-717,-721,-3360,-980,-2870,65,106,-38
28530,47,-685,-744,-980,-3010,6020,61,102,-34
28570,78,-678,-701,4270,490,25970,58,105,-41
28610,94,-596,-732,25340,34440,30310,45,115,-27
28650,101,-650,-748,-7420,-4200,9940,40,112,-26
28690,98,-701,-744,-13930,-6440,9030,44,122,-31
28730,98,-682,-760,-7420,-8960,6790,37,132,-28
28770,94,-646,-732,-12670,-21000,2100,50,115,-41
28810,78,-705,-732,-3010,1750,4550,55,120,-45
28850,98,-689,-756,770,-2940,4900,48,123,-39
28890,74,-682,-728,1050,-490,420,56,133,-39
28930,109,-658,-744,6090,7280,910,51,122,-24
28970,66,-674,-724,-8260,3570,8960,40,123,-39
29010,137,-674,-740,1330,26390,4340,42,130,-24
29050,148,-678,-744,-2730,3710,-2380,27,123,-38
29090,121,-674,-763,-4970,4130,-1190,38,132,-30
29130,140,-674,-744,-4480,3990,-2030,26,119,-28
29170,133,-682,-728,-3850,-910,-420,33,126,-38
29210,129,-674,-744,-4270,1400,1960,34,122,-38
29250,105,-654,-736,-8050,3430,-1330,37,126,-28
29290,133,-678,-728,-5110,-2520,2590,24,133,-32
29330,129,-678,-689,-7490,15610,-1540,24,133,-27
29370,172,-678,-752,-31360,29540,-16870,8,139,-35
29410,164,-736,-705,-13370,7630,-3990,8,136,-31
29450,156,-697,-717,-5600,8610,1050,12,147,-40
29490,164,-685,-705,-1680,8610,210,6,140,-35
29530,172,-713,-701,-10710,11340,5740,5,147,-31
29570,183,-732,-713,-5390,2450,350,-16,145,-37
29610,176,-717,-685,910,10640,980,-7,150,-33
29650,187,-721,-689,3990,9520,0,-5,156,-37
29690,179,-701,-697,14560,-11340,-2520,-10,141,-31
29730,176,-682,-678,-9520,14700,-9100,0,139,-27
29770,199,-724,-689,-15750,17290,-9100,-17,146,-32
29810,191,-713,-685,-7910,-1960,-12110,-12,157,-28
29850,183,-728,-678,-11130,11900,2170,-14,145,-25
29890,183,-728,-682,-9590,5600,3570,-21,149,-32
29930,199,-724,-674,-14560,6230,-1260,-28,148,-43
29970,199,-752,-666,-3290,-910,-4900,-23,156,-43
30010,207,-721,-674,2520,-2310,-6090,-23,160,-30
30050,218,-736,-740,19460,-13020,-1330,-17,153,-37
30090,179,-724,-701,42840,-32900,4830,-9,143,-28
30130,172,-685,-701,9660,-3220,4270,-4,128,-23
30170,168,-685,-713,-5250,-1260,-7490,1,138,-23
30210,172,-709,-705,-4340,-1960,-2310,-3,135,-25
30250,179,-713,-717,-18340,17990,-980,-3,138,-16
30290,191,-705,-689,-8050,8540,-1260,-13,135,-27
30330,187,-713,-701,560,-1470,-7140,-13,141,-33
30370,179,-705,-697,1820,910,-2730,-24,130,-29
30410,179,-701,-689,-3220,-980,-4130,-27,130,-21
30450,183,-709,-697,-7420,6720,-6860,-21,135,-25
30490,164,-705,-693,980,-2800,910,-17,135,-24
30530,179,-709,-689,-1820,-2380,420,-16,141,-29
30570,176,-713,-693,-3920,-1190,-1890,-7,146,-29
30610,187,-721,-709,-5390,4690,-1820,-7,138,-20
30650,187,-709,-689,2030,-3080,-2800,-6,138,-32
30690,160,-689,-693,4970,-11270,-1680,-7,134,-25
30730,168,-689,-705,-1820,-2450,-1540,-13,135,-32
30770,160,-701,-697,770,-12040,-910,1,132,-25
30810,144,-678,-693,3360,-7910,-4900,3,125,-24
30850,172,-709,-713,27020,-11340,-11130,0,131,-21
30890,152,-646,-767,25130,-24990,-14840,13,120,-24
30930,140,-689,-713,-18200,-26040,-1540,11,118,-23
30970,300,-689,-740,-7070,12250,16730,36,123,-30
31010,148,-693,-713,1050,210,-2520,19,126,-27
31050,98,-693,-709,1330,-7840,-140,24,133,-31
31090,121,-713,-740,3920,-10150,-1750,29,115,-31
31130,121,-682,-728,4130,-3010,3010,33,114,-34
31170,137,-682,-682,-7490,12880,2870,23,117,-12
31210,129,-728,-732,-3570,-8610,2590,29,126,-32
31250,133,-717,-756,6160,3150,1610,23,122,-34
31290,121,-678,-748,10990,-4480,1260,34,118,-24
31330,113,-670,-740,14280,-4130,2800,34,111,-18
31370,133,-662,-748,15610,-7280,490,23,103,-20
31410,117,-658,-775,16450,-4830,7000,36,107,-18
31450,133,-627,-775,-140,7910,10920,19,100,-8
31490,144,-670,-760,-2660,3780,4550,32,104,-4
31530,133,-650,-717,4200,-8540,-2730,29,106,-15
31570,125,-631,-763,-6300,-7070,-3080,25,99,-8
31610,129,-670,-752,-21770,2940,-2240,25,103,-14
31650,144,-658,-752,-7210,-2730,210,22,97,-22
31690,144,-678,-767,8890,-13020,-7490,27,111,-20
31730,117,-654,-853,49980,-37940,-5460,39,101,-22
31770,55,-662,-826,67480,-7140,-55720,60,78,-6
31810,172,-592,-810,27440,23030,-4550,46,49,15
31850,39,-541,-822,33250,6370,-1120,37,37,20
31890,90,-502,-865,70,1260,-5180,48,26,28
31930,101,-553,-838,4130,-2450,-13790,42,26,22
31970,90,-545,-877,-1890,-980,1820,45,20,26
32010,105,-541,-865,30870,9310,19390,40,19,32
32050,133,-467,-880,36400,10220,17010,23,1,36
32090,117,-483,-908,40460,-15470,-2170,23,-5,50
32130,113,-440,-884,56770,-8540,15960,46,-30,48
32170,101,-424,-900,11340,350,25830,39,-41,53
32210,113,-409,-877,19670,16100,18550,18,-38,45
32250,140,-412,-865,5880,7000,8820,18,-31,48
32290,144,-409,-892,-6020,-3850,2170,13,-42,59
32330,117,-412,-892,-9940,-7700,-1470,21,-34,60
32370,140,-459,-939,-4340,-3500,-3570,14,-35,58
32410,152,-385,-939,52290,17710,24010,18,-45,66
32450,172,-381,-1087,89950,25480,34160,-7,-76,72
32490,160,-151,-713,147560,31220,50890,-16,-131,93
32530,-42,-245,-869,-41300,-28000,-14070,-18,-119,84
32570,195,-381,-904,-117740,-37800,-87430,1,-100,77
32610,-100,-475,-1025,-165760,-86800,-108640,47,-36,44
32650,82,-420,-857,-47110,-13790,-21980,50,-25,43
32690,-69,-561,-986,-106050,3430,-32970,58,-6,20
32730,156,-549,-845,-102830,9870,-54600,59,24,13
32770,8,-674,-787,-38500,5390,-10990,60,38,3
32810,27,-615,-795,-28560,13510,-12810,60,36,3
32850,27,-654,-744,-27580,6300,-51030,60,40,-2
32890,16,-588,-806,-32270,6300,-62160,67,43,15
32930,-3,-689,-736,-37170,19390,-36400,70,53,-2
32970,-93,-693,-810,9660,4410,-31150,85,48,-9
33010,-7,-596,-748,34230,-8050,-2450,70,28,-5
33050,0,-615,-682,13930,-19460,-12040,81,21,1
33090,-42,-654,-783,-1750,2380,18970,81,26,0
33130,-42,-670,-849,10780,-210,25270,76,21,-1
33170,-42,-611,-795,41510,770,2870,77,7,31
33210,-11,-580,-841,11690,11550,-4410,80,1,16
33250,-42,-705,-955,-910,2100,-6090,75,1,17
33290,-42,-557,-783,3290,2310,2520,75,-1,20
33330,-26,-604,-791,2380,1260,4270,73,1,20
33370,0,-623,-841,7490,2660,-2590,62,-2,17
33410,-26,-572,-838,7980,-420,6020,66,-3,17
33450,4,-584,-787,-3220,1470,4970,71,-10,25
33490,4,-588,-822,5180,3150,700,64,-3,25
33530,-11,-580,-857,11760,-560,5950,62,-9,31
33570,4,-568,-802,5180,13230,14210,62,-6,29
33610,35,-568,-802,5950,9240,3430,47,-13,25
33650,39,-533,-810,-8750,2240,-2870,46,-8,32
33690,20,-580,-818,-17150,1820,-10640,57,-6,25
33730,12,-572,-806,-16100,-1260,-7560,51,-4,35
33770,20,-615,-841,-17010,-7350,-6720,57,-2,24
33810,12,-604,-791,-15120,-1820,-2380,52,12,17
33850,-3,-623,-787,-1890,-2870,-1820,54,3,25
33890,27,-635,-818,-10710,980,630,61,5,25
33930,20,-592,-795,-10850,490,3290,54,12,24
33970,23,-623,-802,-3850,-3220,-560,56,16,15
34010,16,-611,-810,-4340,-2380,3850,54,17,19
34050,12,-596,-779,-6440,-6650,4620,44,23,24
34090,94,-459,-666,-6230,-10850,-2870,66,31,15
34130,39,-565,-717,19810,-32760,-30800,76,15,9
34170,-30,-615,-783,-25760,-3150,4480,76,17,2
34210,-34,-619,-767,-27370,-5110,140,73,18,-1
34250,-42,-639,-767,-23380,10640,10780,80,43,1
34290,-3,-701,-767,-5040,-840,14700,80,50,-1
34330,0,-685,-763,-15960,9380,2870,66,35,7
34370,4,-631,-740,-8680,10360,8400,63,49,4
34410,12,-670,-752,-910,-70,5740,63,53,7
34450,12,-682,-721,-13510,5880,-19320,63,65,4
34490,-22,-658,-763,-210,6790,-20300,57,57,3
34530,16,-615,-709,10360,9660,10780,53,42,1
34570,12,-674,-787,-12250,18760,15820,45,52,-2
34610,59,-674,-771,-4480,10920,18410,35,64,7
34650,70,-697,-736,-2380,3850,14000,42,64,11
34690,51,-674,-779,1470,5320,9170,25,66,11
34730,59,-623,-697,8120,5390,3990,24,55,6
34770,82,-631,-756,7980,17430,22540,11,54,21
34810,94,-658,-799,-14070,16730,22960,1,69,-1
34850,109,-728,-717,-2800,700,11550,2,79,18
34890,137,-658,-795,2450,17010,13790,-2,75,20
34930,269,-588,-701,24290,80430,-16380,-27,63,41
34970,199,-631,-752,16870,11060,17640,-48,49,36
35010,195,-607,-763,15680,2590,5460,-53,45,45
35050,215,-631,-767,980,14000,16730,-60,39,53
35090,238,-635,-783,14140,8400,13020,-77,39,47
35130,183,-549,-631,32060,16030,19880,-71,28,68
35170,183,-483,-572,23800,-26110,9310,-70,24,71
35210,304,-455,-783,20020,4550,7700,-88,10,63
35250,222,-494,-955,36680,-58660,-50960,-49,0,69
35290,125,-568,-802,-3150,-55160,-13790,-32,-4,62
35330,117,-526,-814,-5040,1960,-13020,-18,3,50
35370,129,-553,-795,-8960,-7630,-8610,-22,-3,54
35410,160,-510,-826,280,12670,5950,-14,-13,62
35450,133,-588,-795,-2870,-12950,3150,-11,-1,61
35490,133,-588,-869,-4970,-1820,910,-14,2,51
35530,137,-529,-775,1400,7980,3780,-28,6,50
35570,152,-537,-841,-2310,-6370,-3850,-15,5,64
35610,137,-522,-760,-3780,2240,1820,-22,-1,57
35650,148,-557,-841,-2030,-5390,-2520,-26,2,50
35690,133,-561,-826,-2030,1960,490,-14,8,66
35730,137,-529,-830,-4410,-3570,1820,-18,2,53
35770,137,-572,-857,-5460,-3360,-490,-21,-3,58
35810,133,-522,-810,6510,-7840,-490,-17,1,54
35850,152,-529,-838,-2940,-980,-1680,-8,5,50
35890,137,-557,-810,1750,-2170,-3640,-25,2,62
35930,156,-596,-795,4900,-14210,-2100,-4,3,58
35970,70,-576,-802,8890,-9940,-6790,-6,1,68
36010,187,-487,-892,10500,-1610,-31920,-15,-18,66
36050,66,-580,-771,2870,-6930,-32200,7,-23,62
36090,94,-514,-865,17920,-10360,-12530,14,-27,71
36130,86,-529,-841,-7140,-3010,6370,18,-37,60
36170,90,-514,-877,-8260,9660,3360,10,-38,67
36210,101,-510,-826,2800,1960,-16450,11,-38,66
36250,90,-522,-927,-15820,9310,-27720,-1,-25,69
36290,176,-588,-869,-4550,-10920,-33250,4,-38,63
36330,16,-529,-888,140,-64120,-69720,31,-45,59
36370,59,-459,-787,2800,-38150,-22050,46,-52,53
36410,4,-549,-841,-3850,-3780,-8330,53,-54,65
36450,-22,-537,-853,-6440,-4900,-6370,70,-46,53
36490,-38,-533,-880,-4060,-3360,-6860,68,-51,53
36530,-26,-537,-822,-7910,840,-9030,56,-54,57
36570,-42,-529,-861,-7280,8400,-4760,64,-54,44
36610,-38,-506,-818,-3850,1400,-4130,52,-59,52
36650,-46,-549,-880,-6230,-1050,-2100,53,-50,42
36690,-38,-522,-853,1400,-1400,-3990,59,-62,50
36730,-69,-537,-865,-23380,-17220,-17360,59,-57,48
36770,-61,-545,-802,-13090,-4900,-5040,77,-54,42
36810,-97,-553,-830,-11060,6300,-4200,81,-45,44
36850,-81,-522,-814,-2450,22680,8400,74,-58,46
36890,-30,-580,-818,-15260,46270,35770,60,-29,47
36930,-11,-545,-818,-17150,40320,7840,36,-37,47
36970,31,-576,-822,-6230,63700,35980,17,-30,63
37010,82,-549,-865,-560,50820,21070,-7,-24,73
37050,66,-568,-810,23730,-350,-2590,-19,-42,62
37090,90,-549,-834,3500,32130,10430,-18,-33,62
37130,94,-615,-849,1470,31290,17150,-31,-43,71
37170,113,-490,-853,1680,10500,-34790,-38,-48,77
37210,90,-522,-853,10220,-17500,-50050,-24,-57,78
37250,51,-471,-880,37100,-30660,-21980,-9,-83,79
37290,16,-487,-853,6370,-7420,1330,2,-87,83
37330,16,-498,-865,-14000,11900,-140,-3,-76,75
37370,16,-463,-841,-9030,7630,4340,-3,-83,80
37410,51,-490,-845,2520,47950,59640,-20,-86,86
37450,74,-467,-838,3500,32130,39480,-31,-90,76
37490,109,-533,-888,-3850,36750,47460,-31,-80,83
37530,125,-490,-857,-3640,30170,28490,-54,-88,80
37570,179,-479,-873,-1610,28910,47810,-70,-75,90
37610,183,-483,-861,-630,18270,34160,-70,-75,94
37650,203,-451,-853,-11760,32830,33110,-80,-76,100
37690,242,-471,-869,-2660,17150,29330,-95,-72,96
37730,211,-459,-834,-3360,6720,20510,-92,-75,89
37770,304,-518,-923,-23170,25550,4200,-99,-75,94
